"","freq","word","length"
"1",18,"lagrangian",10
"2",26,"consumer’s",10
"3",137,"problem",7
"4",91,"price",5
"5",31,"equals",6
"6",8,"kuhntucker",10
"7",27,"optimality",10
"8",75,"constraints",11
"9",119,"shown",5
"10",90,"solve",5
"11",511,"will",4
"12",99,"need",4
"13",72,"consider",8
"14",21,"cases",5
"15",54,"consumer",8
"16",4,"buys",4
"17",147,"case",4
"18",78,"must",4
"19",118,"equal",5
"20",57,"zero",4
"21",48,"simplify",8
"22",210,"since",5
"23",79,"implies",7
"24",37,"solving",7
"25",38,"budget",6
"26",84,"constraint",10
"27",28,"conclude",8
"28",12,"whenever",8
"29",11,"ppmc",4
"30",102,"group",5
"31",12,"members",7
"32",7,"devika",6
"33",8,"zach",4
"34",3,"simoni",6
"35",1,"mythili",7
"36",8,"animesh",7
"37",33,"december",8
"38",106,"exercise",8
"39",1,"allocating",10
"40",1,"consumptions",12
"41",15,"goods",5
"42",9,"across",6
"43",38,"consumers",9
"44",4,"called",6
"45",7,"tillip",6
"46",6,"quillip",7
"47",136,"utility",7
"48",188,"function",8
"49",10,"logt",4
"50",10,"logq",4
"51",18,"amount",6
"52",7,"consumes",8
"53",42,"social",6
"54",19,"endowment",9
"55",3,"consists",8
"56",20,"units",5
"57",81,"suppose",7
"58",4,"relative",8
"59",2,"representations",15
"60",47,"preferences",11
"61",4,"allo",4
"62",1,"cations",7
"63",12,"represented",11
"64",29,"welfare",7
"65",6,"functional",10
"66",101,"following",9
"67",39,"form",4
"68",11,"weighted",8
"69",29,"weight",6
"70",6,"lesser",6
"71",63,"greater",7
"72",85,"optimal",7
"73",2,"cation",6
"74",3,"depends",7
"75",1,"initial",7
"76",12,"endowments",10
"77",18,"examine",7
"78",226,"find",4
"79",40,"allocation",10
"80",99,"know",4
"81",37,"functions",9
"82",12,"undefined",9
"83",66,"also",4
"84",11,"locally",7
"85",10,"nonsatiated",11
"86",5,"monotonically",13
"87",49,"increasing",10
"88",33,"lastly",6
"89",56,"concave",7
"90",20,"focs",4
"91",16,"necessary",9
"92",24,"sufficient",10
"93",16,"system",6
"94",34,"equations",9
"95",42,"pareto",6
"96",17,"allocations",11
"97",13,"economy",7
"98",5,"solutions",9
"99",100,"assume",6
"100",7,"divided",7
"101",5,"sumer",5
"102",3,"getting",7
"103",88,"good",4
"104",12,"walrasian",9
"105",150,"equilibrium",11
"106",171,"first",5
"107",3,"consumers’",10
"108",34,"demand",6
"109",48,"note",4
"110",1,"normalizing",11
"111",27,"prices",6
"112",1,"equlibrium",10
"113",7,"particular",10
"114",11,"policy",6
"115",8,"maker",5
"116",1,"mellow",6
"117",6,"specifically",12
"118",1,"hopes",5
"119",1,"prevent",7
"120",1,"envying",7
"121",3,"defines",7
"122",7,"envyfree",8
"123",9,"rather",6
"124",3,"sumption",8
"125",14,"bundle",6
"126",29,"assigned",8
"127",5,"another",7
"128",1,"wishes",6
"129",32,"efficient",9
"130",1,"lazy",4
"131",1,"isn’t",5
"132",15,"willing",7
"133",24,"figure",6
"134",21,"list",4
"135",1,"blessed",7
"136",14,"well",4
"137",4,"exchange",8
"138",1,"economy—however",15
"139",1,"rearranges",10
"140",1,"finds",5
"141",3,"help",4
"142",9,"describe",8
"143",1,"reallocate",10
"144",3,"endow",5
"145",1,"ments",5
"146",6,"resulting",9
"147",3,"guaranteed",10
"148",10,"hint",4
"149",1,"trick",5
"150",2,"redistribute",12
"151",14,"every",5
"152",8,"begin",5
"153",6,"wealth",6
"154",3,"spend",5
"155",18,"consumption",11
"156",1,"redistributes",13
"157",5,"levels",6
"158",1,"trivially",9
"159",1,"essarily",8
"160",9,"trade",5
"161",2,"equi",4
"162",2,"librium",7
"163",25,"theorem",7
"164",12,"choice",6
"165",33,"least",5
"166",8,"made",4
"167",9,"choices",7
"168",3,"affordable",10
"169",2,"imagine",7
"170",1,"threeconsumer",13
"171",3,"commodity",9
"172",1,"dening",6
"173",3,"services",8
"174",11,"makes",5
"175",1,"one’s",5
"176",2,"yard",4
"177",1,"beautiful",9
"178",39,"second",6
"179",5,"food",4
"180",4,"initially",9
"181",12,"allocated",9
"182",1,"evenly",6
"183",10,"among",5
"184",33,"three",5
"185",2,"sumers",6
"186",5,"corresponding",13
"187",17,"maximize",8
"188",4,"subject",7
"189",36,"individual",10
"190",2,"gardening",9
"191",11,"respectively",12
"192",32,"total",5
"193",4,"important",9
"194",5,"notice",6
"195",22,"identical",9
"196",38,"either",6
"197",43,"positive",8
"198",35,"binding",7
"199",38,"solution",8
"200",74,"order",5
"201",14,"setting",7
"202",22,"derivative",10
"203",25,"respect",7
"204",94,"equation",8
"205",29,"substitute",10
"206",120,"value",5
"207",20,"original",8
"208",47,"words",5
"209",4,"benefits",8
"210",9,"characterize",12
"211",35,"found",5
"212",11,"maximizing",10
"213",6,"weights",7
"214",4,"nonnegative",11
"215",15,"equivalent",10
"216",67,"strictly",8
"217",9,"upon",4
"218",10,"highest",7
"219",4,"gets",4
"220",5,"entire",6
"221",6,"ment",4
"222",5,"equally",7
"223",13,"divide",6
"224",1,"correspond",10
"225",2,"opti",4
"226",10,"look",4
"227",28,"imply",5
"228",43,"true",4
"229",92,"values",6
"230",10,"relationship",12
"231",9,"elements",8
"232",13,"determine",9
"233",4,"locations",9
"234",60,"means",5
"235",2,"half",4
"236",16,"inequality",10
"237",20,"never",5
"238",20,"similar",7
"239",28,"exists",6
"240",31,"similarly",9
"241",65,"part",4
"242",2,"mrs’s",5
"243",13,"ratio",5
"244",2,"shadow",6
"245",20,"make",4
"246",3,"impossible",10
"247",1,"sounds",6
"248",5,"like",4
"249",10,"contradiction",13
"250",28,"take",4
"251",5,"account",7
"252",1,"externalities",13
"253",5,"present",7
"254",33,"example",7
"255",4,"five",4
"256",1,"easy",4
"257",2,"pieces",6
"258",3,"marriage",8
"259",32,"question",8
"260",5,"concerned",9
"261",46,"different",9
"262",45,"women",5
"263",3,"partners",8
"264",8,"opposite",8
"265",6,"acceptable",10
"266",169,"show",4
"267",7,"manproposing",12
"268",11,"benefit",7
"269",2,"lying",5
"270",2,"truthful",8
"271",20,"result",6
"272",16,"receive",7
"273",16,"preferred",9
"274",13,"woman",5
"275",2,"manpessimal",11
"276",68,"want",4
"277",7,"showing",7
"278",23,"scenario",8
"279",7,"tell",4
"280",7,"truth",5
"281",5,"lies",4
"282",13,"propose",7
"283",41,"choose",6
"284",24,"favorite",8
"285",8,"rejected",8
"286",9,"accept",6
"287",24,"stable",6
"288",23,"match",5
"289",17,"neither",7
"290",8,"algorithm",9
"291",3,"terminates",10
"292",15,"round",5
"293",5,"proposing",9
"294",7,"accepting",9
"295",2,"nearly",6
"296",6,"able",4
"297",27,"prove",5
"298",2,"womanproposing",14
"299",1,"select",6
"300",17,"unique",6
"301",16,"denote",6
"302",85,"given",5
"303",1,"manoptimal",10
"304",1,"womanpessimal",13
"305",12,"prefer",6
"306",37,"less",4
"307",3,"womenproposing",14
"308",1,"womanoptimal",12
"309",3,"wlog",4
"310",5,"strict",6
"311",6,"rank",4
"312",2,"whereas",7
"313",2,"men’s",5
"314",1,"bitrary",7
"315",2,"coincides",9
"316",21,"outcome",7
"317",7,"related",7
"318",3,"objectified",11
"319",1,"priorities",10
"320",1,"coincide",8
"321",5,"women’s",7
"322",6,"common",6
"323",2,"ranking",7
"324",29,"follows",7
"325",40,"assuming",8
"326",4,"applying",8
"327",30,"reject",6
"328",1,"others",6
"329",9,"already",7
"330",6,"matched",7
"331",19,"last",4
"332",3,"unacceptable",12
"333",2,"proposed",8
"334",35,"thus",4
"335",83,"number",6
"336",5,"unmatched",9
"337",4,"lets",4
"338",5,"remaining",9
"339",3,"priority",8
"340",4,"hence",5
"341",14,"shows",5
"342",6,"final",5
"343",2,"matches",7
"344",1,"algorithms",10
"345",1,"illustrates",11
"346",8,"small",5
"347",43,"change",6
"348",4,"gender",6
"349",4,"balance",7
"350",1,"lead",4
"351",1,"stark",5
"352",6,"agents’",7
"353",5,"cycle",5
"354",77,"agent",5
"355",1,"ranks",5
"356",19,"agents",6
"357",1,"descending",10
"358",1,"travels",7
"359",2,"starting",8
"360",10,"position",8
"361",1,"instance",8
"362",5,"arbitrary",9
"363",4,"drops",5
"364",1,"thereby",7
"365",2,"causing",7
"366",1,"imbalance",9
"367",1,"corre",5
"368",1,"sponds",6
"369",6,"long",4
"370",49,"side",4
"371",2,"markets",7
"372",3,"short",5
"373",6,"endowed",7
"374",182,"using",5
"375",5,"accepted",8
"376",30,"results",7
"377",7,"available",9
"378",14,"used",4
"379",32,"instead",7
"380",1,"regard",6
"381",20,"give",4
"382",3,"upper",5
"383",7,"bound",5
"384",3,"proposal",8
"385",2,"rounds",6
"386",1,"terminate",9
"387",11,"times",5
"388",2,"upperbound",10
"389",1,"plus",4
"390",1,"ditional",8
"391",23,"recall",6
"392",10,"production",10
"393",2,"studied",7
"394",1,"section",7
"395",1,"discovered",10
"396",1,"hitherto",8
"397",1,"unheard",7
"398",1,"latin",5
"399",2,"american",8
"400",1,"country",7
"401",19,"hulac",5
"402",2,"princeton",9
"403",2,"effective",9
"404",1,"altruists",9
"405",18,"peas",4
"406",1,"capitalist’s",12
"407",7,"measure",7
"408",7,"capital",7
"409",27,"workers",7
"410",1,"quest",5
"411",1,"accomplish",10
"412",2,"good”",5
"413",3,"four",4
"414",3,"scenarios",9
"415",10,"stay",4
"416",9,"away",4
"417",1,"join",4
"418",5,"becomes",7
"419",4,"donate",6
"420",6,"proletariat",11
"421",2,"promise",7
"422",2,"send",4
"423",7,"money",5
"424",15,"work",4
"425",4,"employed",8
"426",3,"farm",4
"427",3,"promised",8
"428",4,"operate",7
"429",13,"unit",4
"430",1,"manner",6
"431",3,"native",6
"432",1,"halac",5
"433",10,"capitalist",10
"434",67,"profit",6
"435",3,"amounts",7
"436",8,"share",5
"437",1,"earned",6
"438",5,"proceed",7
"439",1,"employs",7
"440",3,"exploited",9
"441",39,"wage",4
"442",1,"excess",6
"443",1,"natives",7
"444",27,"indifferent",11
"445",4,"working",7
"446",3,"farming",7
"447",5,"employ",6
"448",1,"hulacs",6
"449",1,"nothing",7
"450",11,"purchase",8
"451",8,"profits",7
"452",1,"operat",6
"453",3,"worker",6
"454",3,"portion",7
"455",9,"addition",8
"456",14,"just",4
"457",7,"enough",6
"458",1,"staying",7
"459",4,"home",4
"460",8,"summarize",9
"461",3,"demanded",8
"462",2,"gamma",5
"463",38,"firm",4
"464",1,"breaks",6
"465",23,"even",4
"466",6,"none",4
"467",11,"define",6
"468",1,"achieving",9
"469",2,"recommend",9
"470",2,"walrasianequilibrium",20
"471",2,"umonotonicity",13
"472",16,"holds",5
"473",5,"core",4
"474",34,"proof",5
"475",11,"contrary",8
"476",2,"coalition",9
"477",31,"individuals",11
"478",3,"feasible",8
"479",3,"member",6
"480",7,"preference",10
"481",7,"revealed",8
"482",1,"px^j",4
"483",35,"time",4
"484",6,"chosen",6
"485",1,"moreover",8
"486",1,"indeed",6
"487",1,"sufficiently",12
"488",14,"though",6
"489",1,"contradicting",13
"490",12,"finally",7
"491",7,"adding",6
"492",4,"inequalities",12
"493",2,"establish",9
"494",4,"proved",6
"495",9,"house",5
"496",2,"houses",6
"497",1,"cationscan",10
"498",16,"think",5
"499",3,"systematic",10
"500",5,"procedure",9
"501",9,"finding",7
"502",9,"step",4
"503",6,"repeat",6
"504",6,"steps",5
"505",2,"beginning",9
"506",2,"ending",6
"507",24,"possible",8
"508",1,"ordering",8
"509",16,"running",7
"510",5,"trading",7
"511",3,"equilib",7
"512",3,"rium",4
"513",4,"central",7
"514",2,"authority",9
"515",1,"cate",4
"516",6,"quasilinear",11
"517",8,"differentiable",14
"518",1,"functionpthe",12
"519",1,"allocates",9
"520",5,"utilities",9
"521",2,"authority’s",11
"522",26,"maximization",12
"523",14,"derive",6
"524",12,"firstorder",10
"525",1,"ditions",7
"526",1,"satiated",8
"527",12,"optimum",7
"528",12,"foc’s",5
"529",10,"optimization",12
"530",18,"equality",8
"531",11,"quantity",8
"532",3,"argue",5
"533",3,"facing",6
"534",8,"aggregate",9
"535",4,"exactly",7
"536",40,"fact",4
"537",13,"inverse",7
"538",2,"x¯xi",4
"539",3,"maximand",8
"540",7,"rearranging",11
"541",14,"lecture",7
"542",6,"considered",10
"543",7,"incidence",9
"544",9,"valorem",7
"545",5,"assumed",7
"546",7,"competitive",11
"547",2,"derived",7
"548",23,"expression",10
"549",16,"market",6
"550",43,"increase",8
"551",11,"showed",6
"552",1,"pretax",6
"553",11,"received",8
"554",5,"producers",9
"555",3,"paid",4
"556",1,"semielasticity",14
"557",21,"start",5
"558",7,"identity",8
"559",1,"sp-t",4
"560",62,"next",4
"561",8,"differentiate",13
"562",13,"sides",5
"563",4,"evaluate",8
"564",1,"multiplying",11
"565",1,"bottom",6
"566",2,"producer",8
"567",1,"pp-d",4
"568",6,"matter",6
"569",2,"percent",7
"570",1,"introduction",12
"571",6,"percentage",10
"572",21,"specific",8
"573",42,"terms",5
"574",27,"compare",7
"575",10,"previous",8
"576",14,"looking",7
"577",7,"absolute",8
"578",16,"firms",5
"579",78,"level",5
"580",5,"needed",6
"581",2,"raise",5
"582",2,"perunit",7
"583",10,"revenue",7
"584",1,"raised",6
"585",8,"supply",6
"586",1,"perunitrevenueequivalent",24
"587",46,"whether",7
"588",3,"supplied",8
"589",8,"monopolist",10
"590",2,"pays",4
"591",44,"write",5
"592",3,"monopolist’s",12
"593",7,"lerner",6
"594",6,"markup",6
"595",7,"formula",7
"596",39,"marginal",8
"597",15,"costs",5
"598",72,"constant",8
"599",6,"elasticity",10
"600",17,"decreasing",10
"601",3,"burden",6
"602",2,"borne",5
"603",2,"taxinclusive",12
"604",2,"actually",8
"605",17,"increases",9
"606",45,"higher",6
"607",15,"introduced",10
"608",1,"markups",7
"609",8,"calculated",10
"610",24,"output",6
"611",23,"cost",4
"612",11,"decreases",9
"613",1,"inelastic",9
"614",17,"class",5
"615",7,"discussed",9
"616",3,"twoinstrument",13
"617",12,"principle",9
"618",2,"power",5
"619",4,"entry",5
"620",4,"surplus",7
"621",1,"tured",5
"622",2,"varian",6
"623",1,"characterizes",13
"624",14,"perfect",7
"625",10,"discrimination",14
"626",2,"differently",11
"627",26,"still",5
"628",4,"capture",7
"629",2,"violation",9
"630",2,"princi",6
"631",1,"quan",4
"632",1,"tity",4
"633",8,"consume",7
"634",5,"known",5
"635",1,"packaging",9
"636",1,"tools",5
"637",25,"seller",6
"638",13,"linear",6
"639",2,"faces",5
"640",8,"single",6
"641",21,"buyer",5
"642",1,"numeraire",9
"643",15,"income",6
"644",3,"charge",6
"645",38,"conditions",10
"646",11,"interior",8
"647",5,"seller’s",8
"648",7,"including",9
"649",6,"participation",13
"650",21,"observe",7
"651",10,"bind",4
"652",1,"leibniz",7
"653",12,"rule",4
"654",4,"necessarily",11
"655",8,"quasiconcave",12
"656",1,"lution",6
"657",5,"prefers",7
"658",3,"furthermore",11
"659",4,"indirect",8
"660",1,"<U+2202>v<U+2202>p",4
"661",1,"<U+2202>v<U+2202>f",4
"662",2,"conjunction",11
"663",6,"envelope",8
"664",1,"<U+2202>vpf",4
"665",1,"express",7
"666",10,"normal",6
"667",41,"explain",7
"668",9,"monotonic",9
"669",20,"much",4
"670",59,"high",4
"671",21,"without",7
"672",4,"tween",5
"673",1,"keeps",5
"674",7,"satisfied",9
"675",4,"implicitly",10
"676",6,"derivatives",11
"677",49,"rewrite",7
"678",2,"incorporating",13
"679",11,"sets",4
"680",1,"-dp*",4
"681",7,"airline",7
"682",4,"deciding",8
"683",116,"type",4
"684",5,"tickets",7
"685",20,"sell",4
"686",34,"assumptions",11
"687",31,"ticket",6
"688",13,"combination",11
"689",3,"parameters",10
"690",143,"model",5
"691",6,"comment",7
"692",12,"distortion",10
"693",3,"airline’s",9
"694",23,"quality",7
"695",5,"business",8
"696",1,"traveler’s",10
"697",9,"traveler",8
"698",10,"incentive",9
"699",1,"reveal",6
"700",1,"tourist’s",9
"701",3,"hide",4
"702",33,"lower",5
"703",2,"willingness",11
"704",6,"uniform",7
"705",3,"pricing",7
"706",13,"unrestricted",12
"707",2,"profitmaximizing",16
"708",3,"sold",4
"709",7,"tourists",8
"710",1,"distorted",9
"711",3,"allow",5
"712",2,"selling",7
"713",3,"purchasing",10
"714",2,"stricted",8
"715",66,"mean",4
"716",1,"tourist",7
"717",2,"priced",6
"718",47,"however",7
"719",1,"valuation",9
"720",1,"debut",5
"721",1,"kind",4
"722",2,"aircraft",8
"723",2,"sections",8
"724",2,"coach",5
"725",1,"executive",9
"726",2,"index",5
"727",25,"types",5
"728",5,"potentially",11
"729",1,"attract",7
"730",5,"travelers",9
"731",3,"royalty",7
"732",1,"ascending",9
"733",4,"travel",6
"734",2,"singlecrossing",14
"735",34,"difference",10
"736",49,"condition",9
"737",4,"crossing",8
"738",4,"simply",6
"739",11,"rearrange",9
"740",1,"seconddegree",12
"741",1,"label",5
"742",7,"denotes",7
"743",4,"targeted",8
"744",1,"leave",5
"745",1,"unspecified",11
"746",17,"include",7
"747",20,"rationality",11
"748",4,"compatibility",13
"749",2,"plies",5
"750",1,"differ",6
"751",4,"depending",9
"752",6,"context",7
"753",119,"variables",9
"754",7,"longer",6
"755",13,"appear",6
"756",2,"explicitly",10
"757",5,"maxi",4
"758",4,"mization",8
"759",4,"k¯bt",4
"760",22,"weakly",6
"761",2,"logic",5
"762",4,"examining",9
"763",1,"vrkr",4
"764",2,"vrkb",4
"765",1,"trav",4
"766",1,"eler",4
"767",1,"chop",4
"768",8,"ones",4
"769",9,"slack",5
"770",1,"stepstep",8
"771",1,"eliminating",11
"772",16,"satisfy",7
"773",2,"specified",9
"774",1,"violating",9
"775",7,"contradicts",11
"776",1,"nally",5
"777",8,"degree",6
"778",1,"continuum",9
"779",7,"scheme",6
"780",16,"satisfies",9
"781",14,"<U+2202>uqz",4
"782",2,"nondecreasing",13
"783",1,"argued",6
"784",1,"satisfying",10
"785",1,"compati",7
"786",2,"bility",6
"787",3,"induces",7
"788",2,"type<U+03B8>",5
"789",16,"left",4
"790",11,"hand",4
"791",2,"expanding",9
"792",1,"<U+2202>uqzz",5
"793",6,"subtract",8
"794",6,"integral",8
"795",1,"combine",7
"796",3,"integrals",9
"797",1,"<U+03B8>-uq<U+03B8>",5
"798",1,"<U+03B8>-tl",4
"799",1,"-uq<U+03B8>",4
"800",1,"fundamental",11
"801",6,"theory",6
"802",1,"calculus",8
"803",2,"convert",7
"804",3,"<U+2202>uq<U+03B8>",4
"805",1,"combining",9
"806",2,"inside",6
"807",2,"dqdz",4
"808",2,"<U+2202>q<U+2202><U+03B8>",4
"809",1,"integrand",9
"810",2,"limits",6
"811",3,"thirddegree",11
"812",1,"transition",10
"813",40,"convex",6
"814",4,"curves",6
"815",10,"slope",5
"816",5,"downward",8
"817",4,"improvement",11
"818",8,"properties",10
"819",17,"defined",7
"820",2,"monopoly",8
"821",2,"quantities",10
"822",1,"-cxu",4
"823",2,"sloping",7
"824",4,"bounded",7
"825",2,"approximation",13
"826",51,"assumption",10
"827",5,"rewritten",9
"828",6,"putting",7
"829",8,"together",8
"830",2,"cournot",7
"831",1,"oligopoly",9
"832",3,"firm’s",6
"833",2,"denoted",7
"834",5,"producing",9
"835",8,"homogeneous",11
"836",33,"nash",4
"837",5,"socially",8
"838",8,"dividing",8
"839",25,"factor",6
"840",8,"maximized",9
"841",1,"elastic",7
"842",14,"curve",5
"843",3,"finite",6
"844",14,"approaches",10
"845",8,"infinity",8
"846",2,"proach",6
"847",1,"asserted",8
"848",1,"thought",7
"849",5,"modified",8
"850",9,"alternative",11
"851",1,"pxdx",4
"852",1,"differentiating",15
"853",8,"direction",9
"854",6,"integrate",9
"855",3,"range",5
"856",3,"integration",11
"857",5,"parts",5
"858",1,"handle",6
"859",34,"term",4
"860",5,"multiply",8
"861",1,"bertrand",8
"862",1,"duopoly",7
"863",9,"full",4
"864",32,"information",11
"865",9,"lowest",6
"866",2,"competing",9
"867",22,"symmetric",9
"868",40,"best",4
"869",32,"response",8
"870",53,"game",4
"871",11,"produce",7
"872",1,"produces",8
"873",4,"exit",4
"874",2,"earning",7
"875",1,"exiting",7
"876",6,"equivalently",12
"877",3,"anything",8
"878",4,"product",7
"879",12,"definition",10
"880",6,"stackelberg",11
"881",1,"opponent’s",10
"882",1,"ward",4
"883",3,"leader’s",8
"884",2,"graphically",11
"885",2,"depict",6
"886",16,"space",5
"887",6,"isoprofit",9
"888",2,"plotted",7
"889",1,"inversely",9
"890",31,"conditional",11
"891",3,"reaches",7
"892",30,"point",5
"893",3,"intersects",10
"894",7,"<U+2202>p<U+2202>y",4
"895",5,"critical",8
"896",9,"maximum",7
"897",3,"minimum",7
"898",1,"intersection",12
"899",18,"decrease",8
"900",2,"remain",6
"901",3,"tangent",7
"902",1,"tangency",8
"903",2,"provision",9
"904",42,"public",6
"905",3,"economic",8
"906",6,"continuous",10
"907",4,"private",7
"908",1,"contributes",11
"909",1,"toward",6
"910",4,"rest",4
"911",1,"contributions",13
"912",19,"provided",8
"913",20,"provide",7
"914",2,"privately",9
"915",8,"planner’s",9
"916",10,"substituting",12
"917",25,"simplifies",10
"918",2,"maxa",4
"919",1,"freeride",8
"920",1,"symmetry",8
"921",19,"free",4
"922",6,"ride",4
"923",6,"summary",7
"924",2,"discussion",10
"925",2,"revelation",10
"926",1,"mechanisms",10
"927",1,"crete",5
"928",2,"reservation",11
"929",6,"citizen",7
"930",6,"providing",9
"931",10,"mechanism",9
"932",5,"reports",7
"933",2,"bids",4
"934",1,"equalpto",8
"935",2,"addi",4
"936",11,"tion",4
"937",4,"payment",7
"938",13,"payments",8
"939",31,"larger",6
"940",35,"calculate",9
"941",13,"dominant",8
"942",112,"strategy",8
"943",16,"report",6
"944",76,"payoff",6
"945",1,"payoffi",7
"946",1,"pthen",5
"947",9,"wants",5
"948",1,"ofthe",5
"949",20,"payoffs",7
"950",8,"transfers",9
"951",1,"happen",6
"952",2,"subset",6
"953",27,"negative",8
"954",1,"denotep",7
"955",12,"pivotal",7
"956",1,"pgood",5
"957",1,"thenpagent",10
"958",1,"publicp",7
"959",1,"agentpi",7
"960",31,"playing",7
"961",4,"truthtelling",12
"962",3,"nonpivotal",10
"963",2,"transfer",8
"964",3,"citizens",8
"965",4,"likewise",8
"966",1,"telling",7
"967",16,"players",7
"968",1,"grovesclarke",12
"969",2,"contin",6
"970",2,"uous",4
"971",5,"depend",6
"972",17,"distributed",11
"973",8,"according",9
"974",11,"objective",9
"975",3,"planner",7
"976",4,"direct",6
"977",4,"implement",9
"978",7,"player’s",8
"979",174,"player",6
"980",3,"message",7
"981",1,"<U+2202>t^n",4
"982",7,"replace",7
"983",1,"welfare’s",9
"984",1,"produced",8
"985",6,"takes",5
"986",1,"turns",5
"987",2,"revealing",9
"988",30,"hold",4
"989",2,"adverse",7
"990",10,"selection",9
"991",2,"returns",7
"992",2,"scale",5
"993",5,"technology",10
"994",4,"productivity",12
"995",9,"uniformly",9
"996",25,"interval",8
"997",1,"e<U+03B8>r<U+03B8>",4
"998",5,"expectation",11
"999",3,"exist",5
"1000",6,"draw",4
"1001",25,"graph",5
"1002",2,"demonstrating",13
"1003",6,"employment",10
"1004",29,"always",6
"1005",2,"everyone",8
"1006",1,"unravel",7
"1007",18,"middle",6
"1008",15,"population",10
"1009",1,"shares",6
"1010",2,"attain",6
"1011",1,"costly",6
"1012",73,"education",9
"1013",3,"characterized",13
"1014",86,"effect",6
"1015",11,"bayesian",8
"1016",1,"concept",7
"1017",2,"worker’s",8
"1018",8,"belief",6
"1019",1,"cording",7
"1020",2,"bayes’",6
"1021",1,"firms’",6
"1022",3,"offers",6
"1023",1,"constitute",10
"1024",1,"simultaneousmove",16
"1025",9,"offer",5
"1026",82,"probability",11
"1027",27,"separating",10
"1028",6,"consistency",11
"1029",57,"beliefs",7
"1030",2,"requirement",11
"1031",1,"serving",7
"1032",2,"creases",7
"1033",18,"better",6
"1034",2,"illustrating",12
"1035",1,"minimal",7
"1036",10,"equilibria",10
"1037",8,"indifference",12
"1038",6,"associated",10
"1039",8,"schedule",8
"1040",5,"dominates",9
"1041",5,"making",6
"1042",10,"profitable",10
"1043",8,"deviate",7
"1044",1,"requirements",12
"1045",12,"earn",4
"1046",95,"expected",8
"1047",5,"worse",5
"1048",1,"bounds",6
"1049",4,"unless",6
"1050",1,"theta",5
"1051",1,"expensive",9
"1052",5,"keep",4
"1053",16,"affect",6
"1054",2,"figures",7
"1055",2,"illustrate",10
"1056",4,"banning",7
"1057",1,"drives",6
"1058",4,"banned",6
"1059",3,"signaling",9
"1060",2,"changing",8
"1061",1,"illustrated",11
"1062",16,"believe",7
"1063",3,"reasons",7
"1064",39,"earnings",8
"1065",1,"spencemirrlees",14
"1066",1,"occurs",6
"1067",5,"probably",8
"1068",2,"collects",8
"1069",2,"revenues",8
"1070",14,"person",6
"1071",2,"government",10
"1072",9,"identify",8
"1073",1,"various",7
"1074",4,"ignoring",8
"1075",2,"lump",4
"1076",1,"taxation",8
"1077",2,"rates",5
"1078",1,"distortions",11
"1079",17,"rate",4
"1080",7,"generalized",11
"1081",1,"straints",8
"1082",3,"remains",7
"1083",1,"alternatively",13
"1084",7,"substitution",12
"1085",6,"therefore",9
"1086",3,"along",5
"1087",15,"denominator",11
"1088",16,"numerator",9
"1089",1,"arguments",9
"1090",1,"subsidizing",11
"1091",1,"type’s",6
"1092",2,"margin",6
"1093",1,"drawing",7
"1094",2,"helpful",7
"1095",14,"trades",6
"1096",22,"interpret",9
"1097",9,"interpreted",11
"1098",1,"sible",5
"1099",10,"meaning",7
"1100",1,"traded",6
"1101",7,"receives",8
"1102",13,"envy",4
"1103",4,"envyfreeness",12
"1104",1,"logically",9
"1105",2,"implied",7
"1106",3,"bundles",7
"1107",1,"definitely",10
"1108",7,"additionally",12
"1109",2,"appeal",6
"1110",4,"took",4
"1111",1,"something",9
"1112",3,"wanted",6
"1113",1,"gave",4
"1114",5,"someone",7
"1115",12,"else",4
"1116",1,"guarantees",10
"1117",8,"become",6
"1118",2,"consuming",9
"1119",1,"freeness",8
"1120",2,"removes",7
"1121",1,"inefficiency",12
"1122",1,"fighting",8
"1123",28,"vector",6
"1124",3,"fails",5
"1125",2,"edgeworth",9
"1126",6,"vectors",7
"1127",1,"pictured",8
"1128",3,"intuition",9
"1129",6,"twice",5
"1130",1,"continuously",12
"1131",1,"walk",4
"1132",1,"argument",8
"1133",4,"solves",6
"1134",1,"equivalence",11
"1135",3,"claim",5
"1136",1,"determines",10
"1137",12,"transformation",14
"1138",1,"respects",8
"1139",1,"dominance",9
"1140",1,"timality",8
"1141",2,"<U+2202>l<U+2202>xh",5
"1142",2,"<U+2202>l<U+2202>q",4
"1143",6,"complementary",13
"1144",6,"slackness",9
"1145",10,"complete",8
"1146",1,"avbcdevf",11
"1147",12,"transitive",10
"1148",1,"transi",6
"1149",2,"tive",4
"1150",4,"varl",4
"1151",3,"axioms",6
"1152",3,"lotteries",9
"1153",11,"mixed",5
"1154",2,"lottery",7
"1155",3,"neumannmorgenstern",18
"1156",15,"independence",12
"1157",1,"axiom",5
"1158",3,"continuity",10
"1159",2,"everything",10
"1160",22,"treat",5
"1161",7,"special",7
"1162",15,"rational",8
"1163",9,"loss",4
"1164",2,"generality",10
"1165",1,"assumming",9
"1166",2,"investor",8
"1167",1,"invests",7
"1168",2,"risky",5
"1169",7,"project",7
"1170",2,"realized",8
"1171",1,"maxa",4
"1172",2,"<U+03B8><U+2208>supportp",10
"1173",1,"investors",9
"1174",1,"logm",4
"1175",3,"condi",5
"1176",4,"eliminate",9
"1177",1,"invest",6
"1178",1,"conditionalmeanzero",19
"1179",36,"random",6
"1180",102,"variable",8
"1181",1,"meanpreserving",14
"1182",1,"spread",6
"1183",2,"eeup",4
"1184",4,"maximizer",9
"1185",8,"risk",4
"1186",4,"averse",6
"1187",1,"jensen’s",8
"1188",1,"euep",4
"1189",2,"riskaverse",10
"1190",9,"quadratic",9
"1191",6,"bernoulli",9
"1192",5,"restrictions",12
"1193",4,"placed",6
"1194",16,"decision",8
"1195",1,"ative",5
"1196",5,"domain",6
"1197",4,"represent",9
"1198",1,"exact",5
"1199",3,"affine",6
"1200",1,"func",4
"1201",2,"aversion",8
"1202",17,"squared",7
"1203",4,"stochastically",14
"1204",19,"large",5
"1205",3,"xgxdx",5
"1206",1,"uxgxdx",6
"1207",1,"vxgxdx",6
"1208",1,"dominate",8
"1209",3,"representation",14
"1210",7,"monotone",8
"1211",1,"induction",9
"1212",9,"clearly",7
"1213",6,"summation",9
"1214",7,"relations",9
"1215",1,"corresponds",11
"1216",1,"quasi",5
"1217",1,"concavity",9
"1218",2,"hessian",7
"1219",65,"matrix",6
"1220",5,"definite",8
"1221",1,"quasiconcavity",14
"1222",14,"otherwise",9
"1223",2,"partial",7
"1224",8,"local",5
"1225",3,"nonsatiation",12
"1226",1,"apap",4
"1227",6,"back",4
"1228",4,"mina",4
"1229",3,"kuhn",4
"1230",3,"tucker",6
"1231",3,"everywhere",10
"1232",1,"rephrase",8
"1233",3,"infinitely",10
"1234",1,"lived",5
"1235",2,"owns",4
"1236",4,"cake",4
"1237",2,"lifetime",8
"1238",1,"perfectly",9
"1239",1,"storable",8
"1240",12,"period",6
"1241",1,"logxt",5
"1242",1,"geometric",9
"1243",1,"series",6
"1244",4,"converges",9
"1245",1,"commodities",11
"1246",3,"wheat",5
"1247",3,"candy",5
"1248",2,"logw",4
"1249",2,"logc",4
"1250",1,"diet",4
"1251",3,"calories",8
"1252",3,"follow",6
"1253",8,"diagonals",9
"1254",4,"calorie",7
"1255",4,"binds",5
"1256",11,"answer",6
"1257",3,"world",5
"1258",2,"demands",7
"1259",15,"consistent",10
"1260",3,"relation",8
"1261",2,"garp",4
"1262",51,"table",5
"1263",24,"check",5
"1264",2,"confirm",7
"1265",8,"cycles",6
"1266",5,"decide",6
"1267",2,"locate",6
"1268",1,"retail",6
"1269",1,"outlet",6
"1270",1,"distinguishes",13
"1271",13,"many",4
"1272",1,"nearby",6
"1273",3,"location",8
"1274",13,"parameter",9
"1275",60,"distribution",12
"1276",1,"customers",9
"1277",1,"justify",7
"1278",1,"reference",9
"1279",1,"deduce",6
"1280",3,"varies",6
"1281",2,"represents",10
"1282",1,"velope",6
"1283",1,"<U+2202>r<U+2202><U+03B8>",4
"1284",14,"vary",4
"1285",3,"changes",7
"1286",1,"endpoints",9
"1287",20,"chooses",7
"1288",33,"states",6
"1289",2,"points",6
"1290",1,"alice",5
"1291",7,"expenditure",11
"1292",4,"compensated",11
"1293",1,"gradient",8
"1294",1,"ngood",5
"1295",1,"cobbdouglas",11
"1296",2,"easier",6
"1297",2,"analyze",7
"1298",9,"apply",5
"1299",1,"logxj",5
"1300",1,"diverges",8
"1301",2,"shepard’s",9
"1302",6,"lemma",5
"1303",1,"alternate",9
"1304",4,"duality",7
"1305",2,"minimization",12
"1306",1,"discretechoice",14
"1307",2,"cars",4
"1308",3,"roy’s",5
"1309",3,"situation",9
"1310",6,"unknown",7
"1311",2,"straint",7
"1312",3,"solved",6
"1313",1,"pi-p",4
"1314",1,"--pc",4
"1315",6,"except",6
"1316",11,"property",8
"1317",1,"neqy",4
"1318",2,"apx*",4
"1319",2,"-apy",4
"1320",16,"right",5
"1321",1,"bigger",6
"1322",5,"plan",4
"1323",4,"boundary",8
"1324",7,"element",7
"1325",1,"----",6
"1326",1,"---",6
"1327",1,"--",4
"1328",3,"supporting",10
"1329",1,"-dgy",4
"1330",1,"-dg-",4
"1331",5,"verify",6
"1332",6,"directly",8
"1333",7,"maximizes",9
"1334",1,"prices",7
"1335",1,"”free",5
"1336",1,"lunch”",6
"1337",18,"third",5
"1338",9,"line",4
"1339",1,"neat",4
"1340",1,"singlevalued",12
"1341",3,"knowledge",9
"1342",1,"cppp",4
"1343",5,"minimized",9
"1344",1,"<U+2202>cp*",4
"1345",1,"<U+2202>pp*",4
"1346",1,"<U+2202>yi*",4
"1347",2,"upwardsloping",13
"1348",2,"p^y^",4
"1349",4,"summing",7
"1350",2,"moves",5
"1351",2,"economists",10
"1352",3,"labor",5
"1353",2,"leisure",7
"1354",1,"nonlabor",8
"1355",1,"mimic",5
"1356",1,"development",11
"1357",1,"leading",7
"1358",1,"slutsky",7
"1359",3,"study",5
"1360",9,"analysis",8
"1361",6,"empirical",9
"1362",1,"”primeaged”",11
"1363",2,"hours",5
"1364",2,"worked",6
"1365",1,"remained",8
"1366",3,"roughly",7
"1367",1,"face",4
"1368",1,"dramatic",8
"1369",2,"real",4
"1370",6,"wages",5
"1371",9,"problems",8
"1372",4,"sign",4
"1373",2,"singleton",9
"1374",1,"exam",4
"1375",25,"estimates",9
"1376",81,"estimate",8
"1377",61,"effects",7
"1378",29,"covariance",10
"1379",1,"ntxnt",5
"1380",9,"squares",7
"1381",83,"estimator",9
"1382",12,"regressors",10
"1383",27,"fixed",5
"1384",41,"within",6
"1385",60,"groups",6
"1386",1,"groupspwe",9
"1387",1,"facts",5
"1388",8,"applied",7
"1389",6,"ß^ols",5
"1390",2,"timeinvariant",13
"1391",1,"effi",4
"1392",1,"cient",5
"1393",5,"ßols",4
"1394",21,"unbiased",8
"1395",3,"inefficient",11
"1396",4,"gauss",5
"1397",7,"markov",6
"1398",5,"homoskedasticity",16
"1399",4,"violated",8
"1400",3,"fitted",6
"1401",5,"intuitively",11
"1402",1,"invariant",9
"1403",4,"multiple",8
"1404",51,"observations",12
"1405",1,"anymore",7
"1406",128,"variance",8
"1407",33,"dependent",9
"1408",1,"collapse",8
"1409",6,"structure",9
"1410",3,"predicting",10
"1411",8,"lose",4
"1412",6,"ability",7
"1413",5,"predict",7
"1414",7,"remove",6
"1415",5,"block",5
"1416",9,"heteroskedasticity",18
"1417",1,"ndyear",6
"1418",1,"econometrics",12
"1419",1,"sequence",8
"1420",1,"learn",5
"1421",1,"manyinstrument",14
"1422",22,"bias",4
"1423",1,"nutshell",8
"1424",14,"instruments",11
"1425",2,"picking",7
"1426",19,"stage",5
"1427",13,"endogenous",10
"1428",26,"variation",9
"1429",7,"trying",6
"1430",2,"limiting",8
"1431",1,"lustrates",9
"1432",1,"nicely",6
"1433",16,"written",7
"1434",8,"ß^sls",5
"1435",4,"invertible",10
"1436",10,"matrices",8
"1437",1,"invoke",6
"1438",2,"iix-",4
"1439",13,"valid",5
"1440",23,"coefficients",12
"1441",2,"y^ols",5
"1442",1,"y^sls",5
"1443",21,"predicted",9
"1444",2,"vß^ols",6
"1445",1,"vß^sls",6
"1446",2,"ßsls",4
"1447",5,"often",5
"1448",1,"analyst",7
"1449",1,"logarithms",10
"1450",11,"contains",8
"1451",4,"several",7
"1452",1,"increasingly",12
"1453",7,"might",5
"1454",1,"tempted",7
"1455",1,"hyperbolic",10
"1456",1,"sine",4
"1457",13,"estimating",10
"1458",4,"sinh-",5
"1459",5,"expressed",9
"1460",1,"professed",9
"1461",1,"virtue",6
"1462",5,"behaves",7
"1463",35,"independent",11
"1464",1,"culated",7
"1465",3,"implicit",8
"1466",1,"differentiation",15
"1467",4,"models",6
"1468",2,"<U+2202>lnyi",5
"1469",20,"limit",5
"1470",1,"sizeable",8
"1471",2,"modeling",8
"1472",2,"nonlinearity",12
"1473",1,"lnyi",4
"1474",2,"captures",8
"1475",1,"pressed",7
"1476",5,"analytical",10
"1477",6,"identifies",10
"1478",1,"erage",5
"1479",128,"treatment",9
"1480",3,"alwaystakers",12
"1481",86,"average",7
"1482",27,"treated",7
"1483",45,"covariates",10
"1484",6,"binary",6
"1485",8,"instrumental",12
"1486",7,"indicating",10
"1487",14,"assignment",10
"1488",9,"untreated",9
"1489",1,"person’s",8
"1490",8,"outcomes",8
"1491",50,"control",7
"1492",6,"exclusion",9
"1493",2,"firststage",10
"1494",12,"monotonicity",12
"1495",1,"vice",4
"1496",1,"versa",5
"1497",3,"”defiers”",9
"1498",3,"”alwaystakers”",14
"1499",6,"wald",4
"1500",3,"fixedeffects",12
"1501",5,"ß^iv",4
"1502",9,"regressor",9
"1503",12,"deviation",9
"1504",3,"transposition",13
"1505",9,"idempotent",10
"1506",3,"fourth",6
"1507",1,"constructed",11
"1508",25,"correlated",10
"1509",7,"relevant",8
"1510",31,"instrument",10
"1511",7,"restriction",11
"1512",2,"sometimes",9
"1513",2,"referred",8
"1514",6,"intraclass",10
"1515",33,"correlation",11
"1516",75,"coefficient",11
"1517",81,"data",4
"1518",1,"centered",8
"1519",5,"simplicity",10
"1520",2,"nonstochastic",13
"1521",14,"conventional",12
"1522",11,"default",7
"1523",30,"clustered",9
"1524",11,"sizes",5
"1525",17,"inflation",9
"1526",3,"concisely",9
"1527",2,"precisely",9
"1528",2,"comes",5
"1529",12,"compared",8
"1530",1,"places",6
"1531",1,"attributes",10
"1532",1,"attributing",11
"1533",1,"minus",5
"1534",27,"size",4
"1535",2,"withingroup",11
"1536",5,"factors",7
"1537",4,"contribute",10
"1538",1,"varianceinflation",17
"1539",3,"fewer",5
"1540",46,"sample",6
"1541",4,"clusters",8
"1542",3,"calculating",11
"1543",1,"infla",5
"1544",3,"ways",4
"1545",13,"smaller",7
"1546",119,"errors",6
"1547",17,"observation",11
"1548",2,"generates",9
"1549",1,"deflated",8
"1550",16,"uncorrelated",12
"1551",2,"moulton",7
"1552",3,"particularly",12
"1553",2,"serious",7
"1554",4,"issue",5
"1555",1,"flation",7
"1556",2,"cause",5
"1557",153,"standard",8
"1558",1,"varied",6
"1559",5,"extreme",7
"1560",4,"computational",13
"1561",1,"datadta",7
"1562",96,"regression",10
"1563",10,"black",5
"1564",10,"higrade",7
"1565",1,"regular",7
"1566",2,"nonautocorrelation",18
"1567",9,"obtain",6
"1568",22,"robust",6
"1569",1,"badly",5
"1570",8,"biased",6
"1571",4,"usual",5
"1572",1,"worst",5
"1573",1,"relax",5
"1574",14,"panel",5
"1575",3,"almost",6
"1576",2,"largest",7
"1577",2,"followed",8
"1578",4,"biases",6
"1579",8,"efficiency",10
"1580",2,"continuing",10
"1581",19,"based",5
"1582",1,"white",5
"1583",56,"test",4
"1584",67,"error",5
"1585",1,"typically",9
"1586",2,"view",4
"1587",18,"experience",10
"1588",1,"past",4
"1589",3,"current",7
"1590",3,"disturbance",11
"1591",11,"candidate",9
"1592",5,"construct",9
"1593",7,"quarter",7
"1594",18,"regress",7
"1595",7,"correct",7
"1596",1,"throughout",10
"1597",18,"additional",10
"1598",2,"quarter’s",9
"1599",5,"worth",5
"1600",1,"tional",6
"1601",9,"quarterly",9
"1602",17,"holding",7
"1603",7,"people",6
"1604",5,"experiment",10
"1605",1,"designed",8
"1606",3,"highly",6
"1607",8,"pvalue",6
"1608",7,"ftest",5
"1609",8,"coef",4
"1610",1,"ficient",7
"1611",19,"statistically",13
"1612",15,"confidence",10
"1613",8,"findings",8
"1614",1,"experi",6
"1615",1,"ence",4
"1616",8,"stata’s",7
"1617",1,"ivregress",9
"1618",15,"command",7
"1619",25,"hypothesis",10
"1620",18,"approximately",13
"1621",6,"testing",7
"1622",30,"statistic",9
"1623",5,"fn-k",4
"1624",19,"estimated",9
"1625",1,"bexperience",11
"1626",8,"degrees",7
"1627",9,"freedom",7
"1628",29,"null",4
"1629",20,"compute",7
"1630",3,"hausman",7
"1631",1,"endogeneity",11
"1632",1,"stata",5
"1633",1,"hausman’s",9
"1634",1,"”experience",11
"1635",1,"exogenous”",10
"1636",2,"pothesis",8
"1637",2,"manually",8
"1638",51,"residuals",9
"1639",2,"checking",8
"1640",1,"fstatistic",10
"1641",1,"”treat”",7
"1642",2,"tests",5
"1643",3,"stat",4
"1644",1,"mvnnµs",6
"1645",2,"asat",4
"1646",16,"density",7
"1647",8,"exp-",4
"1648",10,"orthogonal",10
"1649",1,"consistspof",11
"1650",5,"vari",4
"1651",2,"ables",5
"1652",2,"chisquared",10
"1653",2,"biasp^",6
"1654",1,"np-p",4
"1655",6,"sep^",4
"1656",2,"arp^",4
"1657",1,"arx-p",5
"1658",1,"np-p-p",6
"1659",8,"support",7
"1660",3,"smallest",8
"1661",4,"minx",4
"1662",1,"eminx",5
"1663",1,"<U+03BB>mom",4
"1664",6,"e-n<U+03BB>",4
"1665",2,"likelihood<U+03BB>",11
"1666",2,"argmax",6
"1667",2,"e-xi",4
"1668",3,"<U+03BD>^mle",5
"1669",29,"likelihood",10
"1670",6,"log<U+03BB>",4
"1671",1,"max<U+03BD><U+2208>",5
"1672",1,"max<U+03BD><U+2208>r",6
"1673",1,"en-n<U+03BD>^",6
"1674",1,"log<U+03BD>^",5
"1675",7,"statistics",10
"1676",3,"perform",7
"1677",1,"flip",4
"1678",1,"coin",4
"1679",1,"heads",5
"1680",2,"wish",4
"1681",5,"versus",6
"1682",4,"rejection",9
"1683",3,"region",6
"1684",8,"reason",6
"1685",1,"generated",9
"1686",8,"exponential",11
"1687",2,"beta",4
"1688",1,"forgot",6
"1689",14,"likely",6
"1690",2,"advertisement",13
"1691",1,"casino",6
"1692",1,"claims",6
"1693",3,"needs",5
"1694",15,"play",4
"1695",2,"slot",4
"1696",2,"machine",7
"1697",2,"winning",7
"1698",1,"geometricp",10
"1699",2,"lowers",6
"1700",2,"tries",5
"1701",12,"students",8
"1702",2,"throw",5
"1703",1,"dart",4
"1704",1,"target",6
"1705",3,"successes",9
"1706",7,"student",7
"1707",9,"observed",8
"1708",1,"p-xi",4
"1709",1,"logconstant",11
"1710",1,"logp",4
"1711",5,"actual",6
"1712",2,"expect",6
"1713",1,"fall",4
"1714",1,"category",8
"1715",1,"valueexpected",13
"1716",8,"taking",6
"1717",19,"prior",5
"1718",40,"posterior",9
"1719",2,"=min",4
"1720",2,"x=max",5
"1721",3,"joint",5
"1722",9,"samples",7
"1723",1,"e-<U+03B8>-",4
"1724",1,"<U+03B8>ab-",4
"1725",2,"nx¯s",4
"1726",1,"l’hospital’s",12
"1727",1,"poste",5
"1728",1,"rior",4
"1729",9,"credible",8
"1730",1,"quantiles",9
"1731",1,"decreased",9
"1732",1,"resulted",8
"1733",1,"binomialp",9
"1734",1,"scientist",9
"1735",2,"tells",5
"1736",1,"~beta",5
"1737",4,"numerically",11
"1738",1,"lengths",7
"1739",2,"shortest",8
"1740",3,"longest",7
"1741",6,"intervals",9
"1742",2,"length",6
"1743",1,"tails",5
"1744",5,"poisson<U+03BB>",8
"1745",2,"jeffrey’s",9
"1746",1,"distribu",8
"1747",2,"jeffery’s",9
"1748",3,"f<U+03BB>jef",5
"1749",1,"logx",4
"1750",3,"gammaa",6
"1751",1,"expert",6
"1752",1,"advice",6
"1753",23,"median",6
"1754",1,"latter",6
"1755",1,"<U+03BB>x¯n",4
"1756",1,"bernoullip",10
"1757",1,"posteriori",10
"1758",10,"probabilities",13
"1759",5,"n-nx¯",5
"1760",4,"questions",9
"1761",1,"causality",9
"1762",3,"heterogeneous",13
"1763",2,"assump",6
"1764",22,"late",4
"1765",3,"truefalse",9
"1766",10,"briefly",7
"1767",6,"false",5
"1768",29,"compliers",9
"1769",1,"fiers",5
"1770",2,"happens",7
"1771",17,"complier",8
"1772",16,"defier",6
"1773",6,"presence",8
"1774",15,"defiers",7
"1775",1,"conflicting",11
"1776",1,"separated",9
"1777",4,"intention",9
"1778",5,"heterogeneity",13
"1779",1,"uncertain",9
"1780",7,"compliance",10
"1781",1,"ittatet",7
"1782",6,"atet",4
"1783",5,"regardless",10
"1784",10,"observable",10
"1785",13,"randomization",13
"1786",6,"correctly",9
"1787",6,"done",4
"1788",4,"averages",8
"1789",2,"collected",9
"1790",12,"status",6
"1791",5,"affected",8
"1792",2,"incorrectly",11
"1793",6,"proportion",10
"1794",7,"sure",4
"1795",5,"frisch",6
"1796",5,"waugh",5
"1797",5,"lovell",6
"1798",12,"containing",10
"1799",2,"demeans",7
"1800",2,"premultiplied",13
"1801",1,"reduced",7
"1802",1,"ization",7
"1803",7,"conducted",9
"1804",1,"opposed",7
"1805",1,"exposition",10
"1806",19,"randomly",8
"1807",1,"njnt",4
"1808",8,"general",7
"1809",5,"numbers",7
"1810",4,"generally",9
"1811",1,"implications",12
"1812",12,"option",6
"1813",3,"randomize",9
"1814",2,"spillover",9
"1815",1,"detect",6
"1816",12,"minimize",8
"1817",2,"possibility",11
"1818",1,"meant",5
"1819",1,"assigning",9
"1820",1,"curriculum",10
"1821",1,"classrooms",10
"1822",1,"extremes",8
"1823",5,"decided",7
"1824",1,"increased",9
"1825",3,"precise",7
"1826",1,"existing",8
"1827",3,"provides",8
"1828",10,"households",10
"1829",3,"intercept",9
"1830",5,"truefalseuncertain",18
"1831",1,"plain",5
"1832",3,"variancecovariance",18
"1833",20,"column",6
"1834",2,"corner",6
"1835",4,"minimizes",9
"1836",1,"currently",9
"1837",9,"household",9
"1838",1,"righthand",9
"1839",2,"doesn’t",7
"1840",13,"added",5
"1841",2,"ance",4
"1842",1,"b-ct",4
"1843",4,"root",4
"1844",1,"unlikely",8
"1845",3,"comply",6
"1846",1,"intentiontreat",14
"1847",1,"intended",8
"1848",2,"covariate",9
"1849",6,"impact",6
"1850",3,"affects",7
"1851",2,"direc",5
"1852",2,"nudges",6
"1853",2,"seeking",7
"1854",4,"towards",7
"1855",1,"angrist",7
"1856",1,"krueger",7
"1857",8,"date",4
"1858",25,"birth",5
"1859",3,"educational",11
"1860",5,"attainment",10
"1861",2,"children",8
"1862",3,"born",4
"1863",3,"later",5
"1864",27,"year",4
"1865",5,"required",8
"1866",23,"school",6
"1867",1,"legally",7
"1868",5,"drop",4
"1869",2,"earlier",7
"1870",4,"conclusion",10
"1871",3,"birthdate",9
"1872",7,"parents",7
"1873",8,"child",5
"1874",3,"starts",6
"1875",1,"directions",10
"1876",2,"stronger",8
"1877",4,"weaker",6
"1878",1,"positively",10
"1879",1,"negatively",10
"1880",5,"cancel",6
"1881",5,"covz",4
"1882",11,"takers",6
"1883",2,"changed",7
"1884",7,"interpretation",14
"1885",4,"pcomplierzi",11
"1886",4,"pdefierzi",9
"1887",18,"taker",5
"1888",4,"palways",7
"1889",8,"takerzi",7
"1890",4,"pnever",6
"1891",1,"complierdefieralways",20
"1892",1,"takernever",10
"1893",5,"simplified",10
"1894",2,"smooth",6
"1895",7,"threshold",9
"1896",9,"evidence",8
"1897",3,"manipulation",12
"1898",2,"occur",5
"1899",2,"”bunching”",10
"1900",1,"manipulated",11
"1901",2,"sharp",5
"1902",1,"nonmanipulability",17
"1903",1,"technically",11
"1904",9,"dataset",7
"1905",1,"meth",4
"1906",4,"methods",7
"1907",5,"estimation",10
"1908",1,"exogenous",9
"1909",2,"pros",4
"1910",5,"cons",4
"1911",2,"strength",8
"1912",10,"asymptotic",10
"1913",2,"pick",4
"1914",1,"representative",14
"1915",1,"endogeneous",11
"1916",1,"servations",10
"1917",4,"asks",4
"1918",14,"regressions",11
"1919",1,"association",11
"1920",28,"housing",7
"1921",6,"census",6
"1922",16,"tract",5
"1923",2,"contained",9
"1924",3,"hazardous",9
"1925",3,"waste",5
"1926",24,"site",4
"1927",4,"file",4
"1928",1,"allsitesdta",11
"1929",2,"mile",4
"1930",1,"erages",6
"1931",1,"“robust”",8
"1932",4,"characteristics",15
"1933",4,"controls",8
"1934",3,"demographic",11
"1935",6,"includes",8
"1936",125,"state",5
"1937",2,"terpret",7
"1938",30,"dummy",5
"1939",19,"tracts",6
"1940",2,"lowing",6
"1941",12,"rsquared",8
"1942",5,"unobservable",12
"1943",2,"tractvariant",12
"1944",2,"tractinvariant",14
"1945",6,"omitted",7
"1946",3,"unobservables",13
"1947",1,"characteris",11
"1948",1,"tics",4
"1949",3,"overall",7
"1950",4,"tables",6
"1951",1,"pages",5
"1952",7,"differences",11
"1953",19,"sites",5
"1954",49,"score",5
"1955",2,"said",4
"1956",18,"scores",6
"1957",9,"close",5
"1958",22,"cutoff",6
"1959",3,"firestoveheat",13
"1960",20,"yrsocc",6
"1961",3,"noaircond",9
"1962",2,"blty",4
"1963",2,"rsocc",5
"1964",3,"nofullkitchen",13
"1965",3,"zerofullbath",12
"1966",3,"bltmore",7
"1967",3,"detachocc",9
"1968",1,"popd",4
"1969",3,"mobileocc",9
"1970",3,"shrblk",6
"1971",24,"bedrms",6
"1972",3,"shrhsp",6
"1973",3,"shrfor",6
"1974",3,"smhse",5
"1975",3,"hsdrop",6
"1976",1,"iploma",6
"1977",1,"etter",5
"1978",6,"bltlastyrs",10
"1979",3,"unemprt",7
"1980",3,"povrat",6
"1981",3,"avhhin",6
"1982",3,"tothsun",7
"1983",3,"ownocc",6
"1984",3,"occupied",8
"1985",25,"parentheses",11
"1986",11,"diploma",7
"1987",2,"examines",8
"1988",1,"discontinuity",13
"1989",6,"research",8
"1990",3,"design",6
"1991",1,"miledatadta",11
"1992",1,"“facts”",7
"1993",1,"appropriateness",15
"1994",1,"nonmanipulable",14
"1995",2,"manipulate",10
"1996",5,"supports",8
"1997",1,"involved",8
"1998",1,"identifying",11
"1999",1,"pollution",9
"2000",3,"hard",4
"2001",1,"funda",5
"2002",1,"mentally",8
"2003",1,"asserts",7
"2004",4,"convenience",11
"2005",5,"slightly",8
"2006",2,"fundamentally",13
"2007",1,"measurement",11
"2008",3,"imperfect",9
"2009",1,"elog",4
"2010",1,"priceshrs",9
"2011",1,"inherant",8
"2012",5,"create",6
"2013",1,"histogram",9
"2014",1,"nonoverlapping",14
"2015",13,"bins",4
"2016",2,"vertical",8
"2017",2,"midpoints",9
"2018",3,"plots",5
"2019",1,"widths",6
"2020",5,"plot",4
"2021",3,"width",5
"2022",1,"overlap",7
"2023",6,"appears",7
"2024",1,"obvious",7
"2025",1,"bunching",8
"2026",1,"investigate",11
"2027",1,"datapoints",10
"2028",2,"looks",5
"2029",1,"discontinuous",13
"2030",2,"jump",4
"2031",2,"really",6
"2032",2,"sake",4
"2033",2,"continue",8
"2034",6,"near",4
"2035",1,"econometric",11
"2036",1,"setup",5
"2037",1,"uses",4
"2038",2,"scoring",7
"2039",2,"regres",6
"2040",2,"sion",4
"2041",1,"experimenting",13
"2042",17,"specification",13
"2043",1,"bandwidth",9
"2044",1,"“regression",11
"2045",1,"discontinuity”",14
"2046",1,"hrs<U+03B3>",4
"2047",2,"strong",6
"2048",2,"stages",6
"2049",1,"ftests",6
"2050",1,"fstat",5
"2051",2,"noncompliance",13
"2052",5,"plotting",8
"2053",1,"listed",6
"2054",2,"yaxis",5
"2055",2,"axis",4
"2056",1,"noncompliers",12
"2057",1,"mostly",6
"2058",1,"fuzzy",5
"2059",3,"around",6
"2060",2,"homes",5
"2061",10,"specifications",14
"2062",1,"lnmedian",8
"2063",7,"indicates",9
"2064",1,"variant",7
"2065",3,"included",8
"2066",2,"subscript",9
"2067",5,"interaction",11
"2068",10,"significant",11
"2069",1,"paragraph",9
"2070",1,"summarizing",11
"2071",1,"interpreting",12
"2072",34,"primary",7
"2073",1,"cleanup",7
"2074",11,"don’t",5
"2075",1,"conclusions",11
"2076",1,"glance",6
"2077",8,"pooled",6
"2078",1,"cleaning",8
"2079",1,"surrounding",11
"2080",9,"matching",8
"2081",19,"predetermined",13
"2082",1,"unaffected",10
"2083",1,"demeaning",9
"2084",1,"focus",5
"2085",5,"demeaned",8
"2086",4,"d¯xi",4
"2087",1,"d¯ui",4
"2088",1,"x¯ui",4
"2089",7,"varx",4
"2090",6,"-covd",5
"2091",10,"vard",4
"2092",12,"varxi",5
"2093",40,"covdi",5
"2094",10,"covd",4
"2095",9,"covxi",5
"2096",1,"-covdi",6
"2097",3,"covx",4
"2098",4,"vardi",5
"2099",3,"ecovdi",6
"2100",2,"ecovxi",6
"2101",4,"ep^x~",5
"2102",1,"ecovx",5
"2103",3,"unconditional",13
"2104",2,"iterated",8
"2105",2,"expectations",12
"2106",2,"evard",5
"2107",1,"evardi",6
"2108",1,"evarxi",6
"2109",1,"interact",8
"2110",1,"variate",7
"2111",1,"interpretations",15
"2112",1,"ease",4
"2113",1,"female",6
"2114",4,"males",5
"2115",4,"females",7
"2116",4,"believed",8
"2117",1,"pair",4
"2118",6,"simplifying",11
"2119",2,"covy",4
"2120",11,"covyi",5
"2121",4,"<U+03C1>sls",4
"2122",1,"simplifications",15
"2123",3,"intuitive",9
"2124",1,"struments",9
"2125",5,"identified",10
"2126",3,"explained",9
"2127",4,"learned",7
"2128",2,"reduces",7
"2129",1,"justidentified",14
"2130",3,"obser",5
"2131",2,"vations",7
"2132",6,"square",6
"2133",29,"propensity",10
"2134",2,"conditioned",11
"2135",5,"-pxi",4
"2136",1,"straightforward",15
"2137",1,"algebra",7
"2138",17,"pxyi",4
"2139",2,"pxdi",4
"2140",2,"prdi",4
"2141",2,"circumstance",12
"2142",1,"defend",6
"2143",1,"defense",7
"2144",4,"assumes",7
"2145",2,"indepen",7
"2146",2,"dent",4
"2147",1,"random”",7
"2148",3,"didn’t",6
"2149",1,"supposed",8
"2150",2,"going",5
"2151",1,"schools",7
"2152",2,"district",8
"2153",3,"attend",6
"2154",4,"determined",10
"2155",1,"mainly",6
"2156",4,"live",4
"2157",2,"parental",8
"2158",4,"race",4
"2159",3,"controlling",11
"2160",2,"potential",9
"2161",3,"grouping",8
"2162",1,"neighborhood",12
"2163",2,"comparing",9
"2164",1,"individ",7
"2165",1,"uals",4
"2166",1,"complied",8
"2167",1,"intent",6
"2168",1,"mathematically",14
"2169",2,"relevance",9
"2170",1,"randomized",10
"2171",1,"controlled",10
"2172",1,"trial",5
"2173",2,"violates",8
"2174",1,"dition",6
"2175",3,"flyer",5
"2176",3,"advertising",11
"2177",2,"tutoring",8
"2178",3,"harris",6
"2179",1,"”random”",8
"2180",1,"achieved",8
"2181",1,"passing",7
"2182",1,"walked",6
"2183",1,"door",4
"2184",1,"ampm",4
"2185",3,"grades",6
"2186",2,"advantage",9
"2187",1,"tutor",5
"2188",2,"morning",7
"2189",1,"classes",7
"2190",3,"violate",7
"2191",1,"poorly",6
"2192",1,"signed",6
"2193",1,"individuallevel",15
"2194",1,"atelate",7
"2195",1,"nevertakers",11
"2196",1,"”cost”",6
"2197",3,"magnitude",9
"2198",1,"leaves",6
"2199",1,"nevertaker",10
"2200",2,"reweighting",11
"2201",14,"maternal",8
"2202",29,"smoking",7
"2203",12,"infant",6
"2204",3,"health",6
"2205",2,"code",4
"2206",1,"book",4
"2207",5,"process",7
"2208",2,"involves",8
"2209",27,"missing",7
"2210",2,"checked",7
"2211",1,"‘cardiac’",9
"2212",1,"‘wgain’",7
"2213",1,"refer",5
"2214",1,"codebook",8
"2215",1,"codes",5
"2216",1,"vation",6
"2217",2,"appeared",8
"2218",6,"herpes",6
"2219",12,"tobacco",7
"2220",7,"cigar",5
"2221",5,"alcohol",7
"2222",10,"drink",5
"2223",5,"wgain",5
"2224",8,"missingunknown",14
"2225",1,"besides",7
"2226",1,"termination",11
"2227",1,"prejudice",9
"2228",1,"completely",10
"2229",1,"assess",6
"2230",1,"centers",7
"2231",3,"gain",4
"2232",2,"drugalcohol",11
"2233",2,"categories",10
"2234",1,"especially",10
"2235",2,"embarrassed",11
"2236",2,"usage",5
"2237",1,"”embarrassing”",14
"2238",2,"indicative",10
"2239",2,"alternatives",12
"2240",2,"dropping",8
"2241",2,"replacing",9
"2242",5,"zeros",5
"2243",2,"indicate",8
"2244",1,"”missing",8
"2245",2,"flag”",5
"2246",16,"birthweight",11
"2247",1,"statisically",12
"2248",1,"describing",10
"2249",4,"name",4
"2250",2,"rectype",7
"2251",2,"pldel",5
"2252",3,"birattnd",8
"2253",3,"cntocpop",8
"2254",3,"stresfip",8
"2255",3,"dmage",5
"2256",3,"ormoth",6
"2257",3,"mrace",5
"2258",3,"dmeduc",6
"2259",3,"dmar",4
"2260",4,"adequacy",8
"2261",2,"nlbnl",5
"2262",2,"dlivord",7
"2263",2,"dtotord",7
"2264",2,"totord",6
"2265",3,"monpre",6
"2266",3,"nprevist",8
"2267",2,"disllb",6
"2268",3,"isllb",5
"2269",3,"dfage",5
"2270",3,"orfath",6
"2271",3,"dfeduc",6
"2272",3,"birmon",6
"2273",3,"weekday",7
"2274",3,"dgestat",7
"2275",3,"csex",4
"2276",3,"dbrwt",5
"2277",3,"dplural",7
"2278",3,"omaps",5
"2279",3,"fmaps",5
"2280",3,"clingest",8
"2281",3,"delmeth",7
"2282",4,"anemia",6
"2283",4,"cardiac",7
"2284",4,"lung",4
"2285",4,"diabetes",8
"2286",3,"chyper",6
"2287",3,"phyper",6
"2288",4,"preterm",7
"2289",1,"“causal”",8
"2290",19,"pregnancy",9
"2291",8,"let’s",5
"2292",1,"techniques",10
"2293",1,"familiar",8
"2294",3,"apgar",5
"2295",3,"minute",6
"2296",1,"versions",8
"2297",3,"ttest",5
"2298",10,"grams",5
"2299",4,"circumstances",13
"2300",4,"unadjusted",10
"2301",5,"infants",7
"2302",2,"nonsmoking",10
"2303",4,"mothers",7
"2304",1,"validity",8
"2305",1,"useful",6
"2306",1,"“table",6
"2307",2,"paper",5
"2308",2,"describes",9
"2309",1,"subsets",7
"2310",1,"child’s",7
"2311",4,"smoke",5
"2312",3,"infant’s",8
"2313",1,"domly",5
"2314",3,"page",4
"2315",3,"smoked",6
"2316",2,"started",7
"2317",3,"prenatal",8
"2318",4,"care",4
"2319",3,"week",4
"2320",1,"consumed",8
"2321",1,"drinks",6
"2322",30,"years",5
"2323",1,"younger",7
"2324",2,"mother’s",8
"2325",2,"suggest",7
"2326",1,"“predeter",9
"2327",1,"mined”",6
"2328",2,"determinants",12
"2329",4,"discuss",7
"2330",2,"kinds",5
"2331",1,"measured",8
"2332",1,"ordernumber",11
"2333",2,"births",6
"2334",1,"nlbnldlivordtotord",18
"2335",14,"mother",6
"2336",4,"father",6
"2337",2,"hispanic",8
"2338",2,"orgin",5
"2339",1,"marital",7
"2340",1,"county",6
"2341",1,"occurrence",10
"2342",2,"hypertension",12
"2343",3,"month",5
"2344",1,"began",5
"2345",1,"agpar",5
"2346",1,"visits",6
"2347",1,"acute",5
"2348",2,"chronic",7
"2349",2,"disease",7
"2350",1,"genital",7
"2351",1,"develops",8
"2352",1,"gestation",9
"2353",13,"method",6
"2354",1,"delivery",8
"2355",1,"attendant",9
"2356",1,"residency",9
"2357",3,"chose",5
"2358",3,"clear",5
"2359",2,"“selection",10
"2360",2,"observables”",12
"2361",4,"observables",11
"2362",1,"basic",5
"2363",2,"gression",8
"2364",2,"tstat",5
"2365",1,"approach",8
"2366",1,"causal",6
"2367",1,"smok",4
"2368",1,"reduce",6
"2369",2,"dimensionality",14
"2370",2,"multivariate",12
"2371",4,"conditioning",12
"2372",1,"greatly",7
"2373",6,"gives",5
"2374",3,"scalar",6
"2375",1,"purposes",8
"2376",8,"logit",5
"2377",6,"specify",7
"2378",2,"“predetermined”",15
"2379",1,"interactions",12
"2380",1,"enter",5
"2381",3,"significantly",13
"2382",1,"categorical",11
"2383",1,"judgment",8
"2384",1,"“enter",6
"2385",1,"specification”",14
"2386",1,"comparable",10
"2387",1,"“correct”",9
"2388",6,"created",7
"2389",9,"observing",9
"2390",1,"coeffi",6
"2391",1,"cients",6
"2392",1,"father’s",8
"2393",5,"removed",7
"2394",1,"”correct”",9
"2395",1,"insignif",8
"2396",1,"icant",5
"2397",2,"dropped",7
"2398",1,"”selection",10
"2399",1,"unobservables”",14
"2400",5,"unobserved",10
"2401",3,"weighting",9
"2402",1,"reweight",8
"2403",3,"smokers",7
"2404",1,"“effect",7
"2405",1,"treated”",8
"2406",1,"appro",5
"2407",1,"priate",6
"2408",5,"blocking",8
"2409",3,"informative",11
"2410",1,"“nonparametric”",15
"2411",2,"separately",10
"2412",2,"nonsmokers",10
"2413",1,"spaced",6
"2414",2,"relate",6
"2415",1,"ranged",6
"2416",1,"nonsmoker",9
"2417",1,"smoker",6
"2418",1,"t^bm",4
"2419",1,"tioning",7
"2420",1,"undesirable",11
"2421",1,"prise",5
"2422",2,"deaths",6
"2423",1,"redo",4
"2424",4,"indicator",9
"2425",2,"interest",8
"2426",1,"fashion",7
"2427",1,"coherently",10
"2428",1,"credibly",8
"2429",2,"upwards",7
"2430",1,"variety",7
"2431",4,"esti",4
"2432",2,"mated",5
"2433",3,"whose",5
"2434",1,"pregnant",8
"2435",1,"rely",4
"2436",1,"haven’t",7
"2437",1,"accounted",9
"2438",1,"relies",6
"2439",1,"fewest",6
"2440",21,"bootstrapped",12
"2441",4,"empirics",8
"2442",3,"“simulateddta”",14
"2443",4,"simulated",9
"2444",2,"consecutive",11
"2445",2,"usually",7
"2446",2,"ßtreati",7
"2447",11,"weak",4
"2448",5,"asymptotically",14
"2449",1,"“regress”",9
"2450",3,"”regress”",9
"2451",3,"”cluster”",9
"2452",3,"treati",6
"2453",1,"correla",7
"2454",2,"normally",8
"2455",1,"knew",4
"2456",1,"“sim",4
"2457",1,"ulateddta”",10
"2458",1,"reality",7
"2459",1,"datasets",8
"2460",1,"stead",5
"2461",3,"ignore",6
"2462",7,"clustering",10
"2463",1,"clus",4
"2464",1,"tering",6
"2465",1,"“bsample”",9
"2466",2,"call",4
"2467",4,"formulate",9
"2468",1,"simplest",8
"2469",2,"”bsample”",9
"2470",2,"observa",7
"2471",4,"tions",5
"2472",1,"allowing",8
"2473",1,"fairly",6
"2474",1,"“enough”",8
"2475",1,"accurate",8
"2476",2,"boxplot",7
"2477",1,"bootstrapping",13
"2478",1,"“graph",6
"2479",1,"box”",4
"2480",1,"distri",6
"2481",1,"bution",6
"2482",1,"boxplots",8
"2483",1,"bootstrap",9
"2484",3,"outliers",8
"2485",1,"wooldridge",10
"2486",3,"estimators",10
"2487",3,"yit-",4
"2488",1,"ait-",4
"2489",7,"xit-",4
"2490",1,"cit-",4
"2491",3,"uit-",4
"2492",1,"corrections",11
"2493",1,"expressions",11
"2494",1,"camerontrivedi",14
"2495",1,"enhanced",8
"2496",1,"twoway",6
"2497",1,"component",9
"2498",2,"obtained",8
"2499",1,"oneway",6
"2500",3,"transformations",15
"2501",1,"trans",5
"2502",1,"formation",9
"2503",7,"balanced",8
"2504",1,"partialed",9
"2505",1,"willponly",9
"2506",1,"indi",4
"2507",1,"vidual",6
"2508",2,"impose",6
"2509",8,"transform",9
"2510",7,"subtracting",11
"2511",2,"periods",7
"2512",1,"unimportant",11
"2513",1,"explanation",11
"2514",1,"groupspa",8
"2515",3,"unbalanced",10
"2516",1,"-y¯t",4
"2517",1,"-x¯t",4
"2518",1,"-<U+03BB>¯t",4
"2519",1,"goal",4
"2520",15,"belt",4
"2521",6,"laws",4
"2522",12,"traffic",7
"2523",25,"fatalities",10
"2524",25,"capita",6
"2525",1,"safety",6
"2526",1,"proportional",12
"2527",5,"bivariate",9
"2528",3,"trend",5
"2529",1,"appropriate",11
"2530",24,"seatbelt",8
"2531",1,"indica",6
"2532",1,"captia",6
"2533",1,"perhaps",7
"2534",1,"safe",4
"2535",1,"drive",5
"2536",2,"seemed",6
"2537",1,"classified",10
"2538",1,"”bad",4
"2539",1,"control”",8
"2540",1,"covari",6
"2541",1,"ates",4
"2542",2,"possibly",8
"2543",1,"”secondary",10
"2544",1,"law”",4
"2545",1,"anyway",6
"2546",6,"secondary",9
"2547",2,"causes",6
"2548",13,"seat",4
"2549",7,"beer",4
"2550",16,"college",7
"2551",8,"grads",5
"2552",8,"unemployment",12
"2553",7,"vehicle",7
"2554",7,"miles",5
"2555",7,"traveled",8
"2556",6,"precipitation",13
"2557",12,"inches",6
"2558",6,"snow",4
"2559",5,"rural",5
"2560",10,"interstate",10
"2561",11,"speed",5
"2562",5,"urban",5
"2563",2,"issues",6
"2564",21,"moment",6
"2565",1,"huberwhite",10
"2566",1,"robust”",7
"2567",1,"withinstate",11
"2568",1,"“clusterstate”",14
"2569",1,"“canned”",8
"2570",1,"formulas",8
"2571",3,"surprised",9
"2572",1,"predicts",8
"2573",2,"allows",6
"2574",3,"intrastate",10
"2575",1,"little",6
"2576",1,"snowfall",8
"2577",1,"exciting",8
"2578",4,"cluster",7
"2579",2,"enforce",7
"2580",1,"collapsed",9
"2581",2,"worry",5
"2582",1,"advantages",10
"2583",3,"disadvantages",13
"2584",1,"eest",4
"2585",1,"disadvantage",12
"2586",1,"wrong",5
"2587",1,"falsely",7
"2588",1,"stantially",10
"2589",1,"homoskedas",10
"2590",1,"plausible",9
"2591",2,"mates",5
"2592",1,"sensitive",9
"2593",3,"scalars",7
"2594",2,"remainder",9
"2595",1,"calculations",12
"2596",1,"loglikelihood",13
"2597",3,"loga",4
"2598",3,"logxi",5
"2599",4,"analog",6
"2600",2,"achieves",8
"2601",5,"cramer",6
"2602",2,"vara^m",6
"2603",4,"logf",4
"2604",2,"fischer",7
"2605",3,"moments",7
"2606",2,"<U+03B8>^gm",4
"2607",1,"<U+03B8>^<U+03C8>z",4
"2608",2,"distributions",13
"2609",1,"gradients",9
"2610",1,"pijeij",6
"2611",8,"-eij",4
"2612",8,"-xij",4
"2613",17,"choosing",8
"2614",6,"e-eij",5
"2615",5,"deij",4
"2616",3,"bring",5
"2617",1,"simplfy",7
"2618",1,"-e-eij",6
"2619",3,"exij",4
"2620",2,"e-xij",5
"2621",2,"ßxim",4
"2622",3,"irrelevant",10
"2623",3,"<U+F8F6>yij",4
"2624",1,"maker’s",7
"2625",1,"makers’",7
"2626",3,"exim",4
"2627",1,"‘solve’",7
"2628",1,"”independence",13
"2629",1,"alternatives”",13
"2630",1,"classic",7
"2631",1,"blue",4
"2632",3,"colleague",9
"2633",1,"street",6
"2634",5,"coffee",6
"2635",1,"suggestion",10
"2636",1,"cocaine",7
"2637",1,"mind",4
"2638",1,"options",7
"2639",1,"durations",9
"2640",1,"spells",6
"2641",1,"explanatory",11
"2642",2,"twostep",7
"2643",1,"minimizing",10
"2644",2,"ß^init",6
"2645",2,"ß^ogm",5
"2646",1,"ßogm",4
"2647",2,"ß^gm",4
"2648",1,"ß^<U+03C8>z",4
"2649",4,"-expßxi",7
"2650",5,"expßxi",6
"2651",1,"<U+03BB>e-<U+03BB>yi",6
"2652",1,"var<U+03BB>^m",6
"2653",1,"vß^m",4
"2654",10,"<U+03B8>^gmm",5
"2655",3,"var<U+03B8>^gmm",8
"2656",3,"vary¯",5
"2657",2,"varx¯",5
"2658",2,"varyi",5
"2659",1,"cx¯<U+03B8>",4
"2660",20,"synthetic",9
"2661",2,"abadie",6
"2662",2,"”treatment”",11
"2663",1,"”tu”",4
"2664",1,"combines",8
"2665",2,"please",6
"2666",9,"preperiod",9
"2667",1,"visiually",9
"2668",1,"distinguish",11
"2669",2,"post",4
"2670",1,"quickly",7
"2671",1,"suggests",8
"2672",1,"comprise",8
"2673",1,"simple",6
"2674",2,"posttreatment",13
"2675",1,"trends",6
"2676",1,"parallel",8
"2677",1,"caption",7
"2678",2,"state’s",7
"2679",2,"counterfactual",14
"2680",2,"graphed",7
"2681",5,"nevada",6
"2682",7,"pretreatment",12
"2683",1,"ethanol",7
"2684",2,"thousands",9
"2685",1,"struct",6
"2686",2,"drawbacks",9
"2687",1,"accounts",8
"2688",1,"counfounding",12
"2689",1,"natural",7
"2690",1,"biggest",7
"2691",1,"inference",9
"2692",2,"difficult",9
"2693",1,"performs",8
"2694",2,"preprogrammed",13
"2695",1,"ferred",6
"2696",2,"distance",8
"2697",1,"capitajt",8
"2698",4,"indexes",7
"2699",1,"donor",5
"2700",1,"pool",4
"2701",2,"tried",5
"2702",1,"constructing",12
"2703",5,"rmse",4
"2704",3,"graphs",6
"2705",1,"preceding",9
"2706",1,"graphical",9
"2707",1,"significance",12
"2708",1,"generate",8
"2709",1,"”placebo”",9
"2710",3,"placebo",7
"2711",1,"certainly",9
"2712",1,"outlier",7
"2713",1,"rors",4
"2714",1,"eventually",10
"2715",2,"adopted",7
"2716",1,"adopting",8
"2717",1,"notes",5
"2718",1,"tinues",6
"2719",1,"projection",10
"2720",1,"tiplied",7
"2721",2,"guarantee",9
"2722",2,"passes",6
"2723",1,"thatpn",6
"2724",4,"heteroskedastic",15
"2725",1,"homoskedastic",13
"2726",1,"emee",4
"2727",1,"nonconstant",11
"2728",3,"diagonal",8
"2729",6,"frischwaughlovell",17
"2730",1,"yields",6
"2731",5,"partitioning",12
"2732",6,"columns",7
"2733",1,"disturbances",12
"2734",1,"”residual",9
"2735",1,"maker”",6
"2736",3,"regressed",9
"2737",3,"rows",4
"2738",2,"replaced",8
"2739",1,"established",11
"2740",1,"premultiplying",14
"2741",1,"recover",7
"2742",1,"groupspecific",13
"2743",1,"intercepts",10
"2744",2,"come",4
"2745",2,"adcc",4
"2746",2,"tinc",4
"2747",6,"agesq",5
"2748",1,"exception",9
"2749",11,"grade",5
"2750",3,"completed",9
"2751",1,"unwilling",9
"2752",1,"stant",5
"2753",3,"p—t—",4
"2754",5,"conf",4
"2755",2,"source",6
"2756",2,"residual",8
"2757",5,"prob",4
"2758",1,"thrown",6
"2759",1,"earns",5
"2760",5,"rsquare",7
"2761",2,"reported",8
"2762",1,"retrieve",8
"2763",1,"puter",5
"2764",2,"rounding",8
"2765",8,"yhat",4
"2766",2,"predictions",11
"2767",2,"summarized",10
"2768",2,"sums",4
"2769",1,"essentially",11
"2770",2,"dicted",6
"2771",1,"reestimate",10
"2772",1,"omitting",8
"2773",1,"quite",5
"2774",2,"sense",5
"2775",1,"homework",8
"2776",2,"construction",12
"2777",2,"notation",8
"2778",1,"base",4
"2779",1,"criterion",9
"2780",1,"vmx-",4
"2781",1,"chisquare",9
"2782",2,"<U+03C7>n-k",4
"2783",5,"computed",8
"2784",6,"restricted",10
"2785",1,"miny",4
"2786",1,"convenient",10
"2787",2,"unknowns",8
"2788",2,"equa",4
"2789",1,"nonsingular",11
"2790",1,"partitioned",11
"2791",1,"cancels",7
"2792",4,"distribute",10
"2793",2,"conditionally",13
"2794",1,"pull",4
"2795",1,"rvbx",4
"2796",1,"front",5
"2797",1,"x”x-",4
"2798",5,"semidefinite",12
"2799",1,"posi",4
"2800",2,"answers",7
"2801",2,"imposing",8
"2802",1,"drawback",8
"2803",13,"prediction",10
"2804",1,"attaches",8
"2805",4,"uncertainty",11
"2806",7,"carry",5
"2807",2,"retain",6
"2808",1,"stan",4
"2809",1,"dard",4
"2810",1,"regressing",10
"2811",1,"onto",4
"2812",1,"explaining",10
"2813",3,"purging",7
"2814",1,"tained",6
"2815",1,"print",5
"2816",2,"inversion",9
"2817",2,"commands",8
"2818",1,"hypotheses",10
"2819",4,"beduc",5
"2820",2,"confidently",11
"2821",2,"bage",4
"2822",1,"bagesq",6
"2823",2,"computing",9
"2824",1,"calculator",10
"2825",2,"testparm",8
"2826",1,"regressionj",11
"2827",1,"regressionn",11
"2828",1,"fdistribution",13
"2829",3,"thing",5
"2830",1,"“missing",8
"2831",2,"xn-n",4
"2832",2,"pn-n",4
"2833",1,"differs",7
"2834",1,"filled",6
"2835",1,"yield",5
"2836",1,"ny¯*",4
"2837",1,"demean",6
"2838",4,"x~*i",4
"2839",1,"typing",6
"2840",1,"tilde",5
"2841",3,"remember",8
"2842",1,"examples",8
"2843",1,"situations",10
"2844",1,"ferent",6
"2845",1,"ßxij",4
"2846",1,"gaussmarkov",11
"2847",1,"euij",4
"2848",1,"vuij",4
"2849",1,"vß^x¯",5
"2850",1,"u¯u¯",4
"2851",1,"x¯x¯",4
"2852",1,"eu¯u¯",5
"2853",1,"x¯x¯x¯",6
"2854",2,"<U+2126>x¯x¯",5
"2855",2,"groupeddata",11
"2856",3,"microdata",9
"2857",1,"variances",9
"2858",2,"taken",5
"2859",1,"summations",10
"2860",2,"cauchyschwarz",13
"2861",1,"unequal",7
"2862",2,"micro",5
"2863",1,"notwithstanding",15
"2864",1,"counterpart",11
"2865",3,"grouped",7
"2866",1,"giving",6
"2867",1,"survey",6
"2868",1,"coded",5
"2869",3,"edatt",5
"2870",14,"schooling",9
"2871",2,"bachelor’s",10
"2872",6,"edatti",6
"2873",1,"zeromean",8
"2874",1,"require",7
"2875",6,"unconstrained",13
"2876",1,"ppdatadta",9
"2877",2,"year’s",6
"2878",1,"discrete",8
"2879",1,"thresholds",10
"2880",1,"tstatistic",10
"2881",7,"adjusted",8
"2882",1,"graduation",10
"2883",2,"gradei",6
"2884",2,"collegei",8
"2885",2,"agei",4
"2886",2,"raceethnicity",13
"2887",2,"dummies",7
"2888",2,"belong",6
"2889",1,"asian",5
"2890",1,"ethnicity",9
"2891",3,"infer",5
"2892",1,"theses",6
"2893",1,"inferences",10
"2894",1,"collegehighschoolageage",23
"2895",1,"signs",5
"2896",1,"referring",9
"2897",1,"informal",8
"2898",1,"eroskedasticity",15
"2899",1,"formal",6
"2900",2,"formally",8
"2901",6,"century",7
"2902",16,"move",4
"2903",10,"disney",6
"2904",1,"return",6
"2905",1,"juries",6
"2906",1,"twoperson",9
"2907",1,"jury",4
"2908",1,"unanimity",9
"2909",6,"juror",5
"2910",5,"votes",5
"2911",5,"convict",7
"2912",12,"signal",6
"2913",3,"letting",7
"2914",16,"actions",7
"2915",1,"acquit",6
"2916",5,"signals",7
"2917",19,"observes",8
"2918",7,"described",9
"2919",1,"adheres",7
"2920",5,"convictsi",9
"2921",5,"acquitsi",8
"2922",3,"”convict”",9
"2923",2,"”acquit”",8
"2924",1,"pß-z",4
"2925",2,"simultaneously",14
"2926",1,"attempt",7
"2927",1,"access",6
"2928",2,"network",7
"2929",4,"requested",9
"2930",1,"requests",8
"2931",1,"dently",6
"2932",2,"assigns",7
"2933",7,"knows",5
"2934",6,"bayes",5
"2935",1,"quadruple",9
"2936",1,"p<U+03C9>ti",4
"2937",1,"indivisible",11
"2938",1,"transaction",11
"2939",1,"exogenously",11
"2940",1,"influence",9
"2941",1,"‘sell’",6
"2942",1,"sell’",5
"2943",1,"‘buy’",5
"2944",1,"buy’",4
"2945",1,"decisions",9
"2946",1,"<U+2208>sell",5
"2947",1,"<U+2208>buy",4
"2948",1,"qualityq",8
"2949",4,"believes",8
"2950",2,"buyer’s",7
"2951",1,"products",8
"2952",14,"action",6
"2953",2,"buy”",4
"2954",3,"”buy”",5
"2955",6,"pseller",7
"2956",1,"eqseller",8
"2957",1,"purchases",9
"2958",1,"sale",4
"2959",5,"mutually",8
"2960",5,"beneficial",10
"2961",1,"anytime",7
"2962",13,"grab",4
"2963",6,"dollar",6
"2964",1,"grabs",5
"2965",4,"pure",4
"2966",14,"”grab”",6
"2967",7,"”don’t",6
"2968",7,"grab”",5
"2969",1,"perturbation",12
"2970",10,"plays",5
"2971",1,"roots",5
"2972",1,"purestrategy",12
"2973",1,"mixedstrategy",13
"2974",1,"belonging",9
"2975",2,"converge",8
"2976",1,"proba",5
"2977",1,"newly",5
"2978",1,"minted",6
"2979",1,"tenuretrack",11
"2980",13,"assistant",9
"2981",13,"professor",9
"2982",3,"highability",11
"2983",2,"lowability",10
"2984",18,"department",10
"2985",10,"chair",5
"2986",1,"hires",5
"2987",2,"effectively",11
"2988",4,"papers",6
"2989",3,"publish",7
"2990",1,"pretenure",9
"2991",1,"published",9
"2992",1,"decides",7
"2993",5,"grant",5
"2994",19,"tenure",6
"2995",1,"grants",6
"2996",3,"professor’s",11
"2997",1,"tenured",7
"2998",3,"exerting",8
"2999",35,"effort",6
"3000",7,"chair’s",7
"3001",2,"tenures",7
"3002",1,"denies",6
"3003",2,"exerts",6
"3004",1,"thinking",8
"3005",12,"pooling",7
"3006",4,"defining",8
"3007",17,"assessment",10
"3008",16,"strategies",10
"3009",1,"“pooling”",9
"3010",8,"profile",7
"3011",18,"sequential",10
"3012",8,"granting",8
"3013",5,"requires",8
"3014",1,"tenture",7
"3015",2,"µrap",4
"3016",2,"fully",5
"3017",1,"sees",4
"3018",5,"deviating",9
"3019",2,"µrah",4
"3020",2,"responses",9
"3021",14,"sequentially",12
"3022",1,"assis",5
"3023",1,"tant",4
"3024",5,"terminal",8
"3025",2,"histories",9
"3026",7,"ready",5
"3027",5,"history",7
"3028",3,"challenger",10
"3029",1,"preadys",7
"3030",1,"preadyw",7
"3031",1,"pready",6
"3032",2,"nready",6
"3033",1,"psready",7
"3034",7,"”ready”",7
"3035",8,"”unready”",9
"3036",3,"fixing",6
"3037",1,"-p-p",4
"3038",3,"yfyf-y-yaa",10
"3039",3,"ensure",6
"3040",1,"assessments",11
"3041",7,"offspring",9
"3042",9,"hungry",6
"3043",3,"psquawkh",8
"3044",3,"psquawkn",8
"3045",3,"pgivesquawk",11
"3046",3,"pgivequiet",10
"3047",3,"phsquawk",8
"3048",3,"phquiet",7
"3049",4,"squawks",7
"3050",3,"parent",6
"3051",6,"offspring’s",11
"3052",7,"parent’s",8
"3053",7,"”give”",6
"3054",9,"”squawk”",8
"3055",5,"”keep”",6
"3056",2,"keepsquawk",10
"3057",2,"r-t-µ",5
"3058",2,"givesquawk",10
"3059",13,"”quiet”",7
"3060",2,"keepquiet",9
"3061",2,"givequiet",9
"3062",4,"hunger",6
"3063",2,"squawkh",7
"3064",2,"quieth",6
"3065",2,"quietn",6
"3066",2,"squawkn",7
"3067",1,"obtaining",9
"3068",1,"quiet",5
"3069",1,"exceeds",7
"3070",1,"profiles",8
"3071",15,"defendant",9
"3072",3,"wins",4
"3073",1,"loses",5
"3074",13,"plaintiff",9
"3075",4,"settle",6
"3076",4,"explore",7
"3077",3,"deviates",8
"3078",2,"court",5
"3079",12,"settlement",10
"3080",4,"strat",5
"3081",4,"rejecting",9
"3082",3,"path",4
"3083",1,"deviations",10
"3084",5,"mixes",5
"3085",1,"rejects",7
"3086",1,"mixing",6
"3087",8,"cheap",5
"3088",8,"talk",4
"3089",1,"formly",6
"3090",16,"sender",6
"3091",3,"sends",5
"3092",2,"transmitted",11
"3093",2,"partition",9
"3094",3,"sender’s",8
"3095",7,"receiver",8
"3096",2,"argmaxy",7
"3097",2,"midpoint",8
"3098",1,"learning",8
"3099",1,"realization",11
"3100",1,"somehow",7
"3101",1,"”tie",4
"3102",1,"hands”",6
"3103",2,"outset",6
"3104",2,"commit",6
"3105",1,"hands",5
"3106",4,"cheaptalk",9
"3107",2,"informative”",12
"3108",2,"played",6
"3109",1,"commits",7
"3110",1,"delegate",8
"3111",1,"equilibrium”",12
"3112",2,"conjecture",10
"3113",7,"receiver’s",10
"3114",1,"supported",9
"3115",1,"involve",7
"3116",1,"summarizes",10
"3117",2,"limited",7
"3118",1,"riskneutral",11
"3119",18,"principal",9
"3120",1,"hire",4
"3121",1,"search",6
"3122",4,"innovation",10
"3123",1,"“takeleave”",11
"3124",5,"agent’s",7
"3125",1,"normalized",10
"3126",2,"outside",7
"3127",14,"principal’s",11
"3128",6,"firstbest",9
"3129",8,"contract",8
"3130",4,"implements",10
"3131",1,"concern",7
"3132",2,"compensation",12
"3133",8,"induce",6
"3134",3,"<U+03BB>lnw",4
"3135",4,"nonzero",7
"3136",5,"wa*h",4
"3137",3,"lnwa*h",6
"3138",5,"wa*l",4
"3139",3,"lnwa*l",6
"3140",4,"cheapest",8
"3141",1,"satis",5
"3142",1,"fied",4
"3143",2,"lnech",5
"3144",1,"amenable",8
"3145",1,"ficiency",8
"3146",1,"supp",4
"3147",1,"redefine",8
"3148",1,"awarded",7
"3149",4,"elnw",4
"3150",1,"x¯-elnw",7
"3151",1,"-elnw",5
"3152",1,"µlnw",4
"3153",2,"-lnw",4
"3154",2,"<U+2202>lnw",4
"3155",3,"e-ch",4
"3156",3,"implementing",12
"3157",1,"e-ln",4
"3158",3,"success",7
"3159",1,"projects",8
"3160",1,"succeeds",8
"3161",1,"executed",8
"3162",1,"contingent",10
"3163",4,"successful",10
"3164",1,"risknuetral",11
"3165",3,"place",5
"3166",1,"told",4
"3167",1,"restrict",8
"3168",1,"explicit",8
"3169",1,"harder",6
"3170",1,"incentivize",11
"3171",2,"accuracy",8
"3172",1,"increas",7
"3173",2,"reached",7
"3174",1,"reliable",8
"3175",1,"applies",7
"3176",1,"giant",5
"3177",10,"lizard",6
"3178",1,"living",6
"3179",1,"florida",7
"3180",1,"family’s",8
"3181",3,"read",4
"3182",1,"wwwwashingtonpostcomsciencefloridafamilyterrorizedbackyardsquatter",66
"3183",1,"giantlizardlookslikesomethingjurassicpark",41
"3184",1,"attempts",8
"3185",1,"catch",5
"3186",1,"succeeded",9
"3187",4,"article",7
"3188",1,"highlights",10
"3189",6,"trapper",7
"3190",1,"mike",4
"3191",1,"kimmel",6
"3192",3,"trap",4
"3193",1,"traps",5
"3194",6,"north",5
"3195",6,"south",5
"3196",6,"east",4
"3197",6,"west",4
"3198",1,"escapes",7
"3199",1,"catches",7
"3200",3,"summer",6
"3201",11,"release",7
"3202",3,"dates",5
"3203",2,"april",5
"3204",3,"june",4
"3205",2,"movies",6
"3206",2,"solo",4
"3207",2,"deadpool",8
"3208",1,"extensive",9
"3209",1,"battle",6
"3210",1,"opening",7
"3211",1,"weekends",8
"3212",1,"wwwforbescomsitesscottmendelsonavengersditchesmay",49
"3213",1,"winsdeadpoolvssoloboxofficeshowdown",35
"3214",1,"released",8
"3215",1,"anticipated",11
"3216",1,"blockbuster",11
"3217",1,"film",4
"3218",1,"coveted",7
"3219",1,"movie",5
"3220",3,"studio",6
"3221",1,"compete",7
"3222",1,"attention",9
"3223",1,"announced",9
"3224",1,"fear",4
"3225",2,"backlash",8
"3226",1,"owned",5
"3227",1,"avoid",5
"3228",1,"cannibalizing",13
"3229",1,"sales",5
"3230",1,"subgame",7
"3231",1,"movestay",8
"3232",1,"movemove",8
"3233",1,"realistic",9
"3234",18,"election",8
"3235",2,"analyzing",9
"3236",9,"wisconsin",9
"3237",14,"scott",5
"3238",17,"walker",6
"3239",5,"governor",8
"3240",8,"voters",6
"3241",1,"initiate",8
"3242",3,"official",8
"3243",5,"office",6
"3244",2,"signatures",10
"3245",1,"petition",8
"3246",1,"cast",4
"3247",2,"recent",6
"3248",1,"gubernatorial",13
"3249",1,"proponents",10
"3250",1,"collect",7
"3251",1,"triggers",8
"3252",1,"forced",6
"3253",7,"candidates",10
"3254",1,"main",4
"3255",1,"republican",10
"3256",1,"incumbent",9
"3257",10,"barrett",7
"3258",1,"democratic",10
"3259",1,"voted",5
"3260",1,"beat",4
"3261",2,"elections",9
"3262",1,"survived",8
"3263",1,"revolves",8
"3264",1,"sector",6
"3265",5,"union",5
"3266",10,"rights",6
"3267",1,"controversy",11
"3268",4,"walker’s",8
"3269",6,"efforts",7
"3270",5,"collective",10
"3271",5,"bargaining",10
"3272",2,"employees",9
"3273",1,"caused",6
"3274",1,"dimensional",11
"3275",2,"rights”",7
"3276",1,"”full",5
"3277",1,"restraints",10
"3278",7,"unions",6
"3279",1,"preserved",9
"3280",2,"interview",9
"3281",2,"separate",8
"3282",1,"pensions",8
"3283",1,"leaders",7
"3284",1,"agreed",6
"3285",1,"coming",6
"3286",2,"attack",6
"3287",1,"workers’",8
"3288",1,"spark",5
"3289",1,"unrest",6
"3290",1,"wisconsin”",10
"3291",1,"conversation",12
"3292",1,"supporter",9
"3293",1,"stated",6
"3294",1,"dealing",7
"3295",1,"employee",8
"3296",1,"conquering",10
"3297",2,"becoming",8
"3298",2,"polls",5
"3299",2,"viewed",6
"3300",1,"favorable",9
"3301",1,"unfavorably",11
"3302",8,"voter",5
"3303",8,"campaign",8
"3304",1,"initiated",9
"3305",1,"plans",5
"3306",1,"closer",6
"3307",1,"weeks",5
"3308",1,"refused",7
"3309",1,"views",5
"3310",2,"regarding",9
"3311",1,"legislation",11
"3312",1,"assuring",8
"3313",1,"stance",6
"3314",1,"necessity",9
"3315",1,"closing",7
"3316",1,"statement",9
"3317",2,"debate",6
"3318",1,"says",4
"3319",3,"rock",4
"3320",2,"star",4
"3321",1,"solid",5
"3322",1,"jobs",4
"3323",1,"class”",6
"3324",2,"ultimate",8
"3325",1,"positions",9
"3326",1,"moving",6
"3327",1,"voice",5
"3328",1,"neutral",7
"3329",1,"losing",6
"3330",1,"parties",7
"3331",10,"political",9
"3332",1,"donors",6
"3333",1,"supporters",10
"3334",1,"rallies",7
"3335",1,"gathered",8
"3336",2,"capitol",7
"3337",2,"protest",7
"3338",2,"bill",4
"3339",2,"journal",7
"3340",2,"event",5
"3341",1,"”one",4
"3342",1,"protests",8
"3343",1,"memory”",7
"3344",1,"doubt",5
"3345",1,"pressured",9
"3346",1,"modeled",7
"3347",1,"x*sw",4
"3348",1,"barrett’s",9
"3349",1,"farther",7
"3350",1,"funds",5
"3351",1,"partiessupporters",17
"3352",1,"dominated",9
"3353",2,"works",5
"3354",2,"cited",5
"3355",1,"commission",10
"3356",1,"electionswigovelectionsvotingrecall",35
"3357",1,"ballotpedia",11
"3358",1,"ballotpediaorgscott",19
"3359",1,"mayor",5
"3360",1,"defeat",6
"3361",1,"wwwnprorgmayortombarrettwantsdefeatgovwalker",44
"3362",1,"o’connor",8
"3363",1,"clare",5
"3364",1,"backers",7
"3365",1,"billion",7
"3366",1,"aires",5
"3367",2,"forbes",6
"3368",1,"magazine",8
"3369",1,"july",4
"3370",1,"wwwforbescomsitesclareoconnorgovscottwalkersbigmoneybackersinclude",66
"3371",1,"statebillionaireseaf",20
"3372",1,"cable",5
"3373",1,"news",4
"3374",1,"wwwcnncominteractivepoliticstablewiscexitpolls",46
"3375",1,"rada",4
"3376",1,"afraid",6
"3377",1,"crosse",6
"3378",1,"tribune",7
"3379",1,"lacrossetribunecomnewslocalstateregionalinterviewwalkerafraidloserecall",71
"3380",1,"eecaeeebabcfahtml",17
"3381",1,"barrettforwisconsin",19
"3382",1,"youtube",7
"3383",1,"wwwyoutubecomwatchvbxc",22
"3384",1,"ikmxsi",6
"3385",1,"clay",4
"3386",1,"barbour",7
"3387",1,"gather",6
"3388",1,"madisoncom",10
"3389",1,"madisoncomwsjnewslocalgovtpoliticsthousandsgathercapitol",56
"3390",1,"protestwalkerbudgetbillarticle",30
"3391",1,"debaebcccehtml",14
"3392",2,"strategic",9
"3393",1,"posted",6
"3394",1,"washington",10
"3395",1,"enti",4
"3396",1,"tled",4
"3397",1,"politicians",11
"3398",1,"pledge",6
"3399",1,"wwwwashingtonpostcomnewsfixwppoliticiansnevermake",49
"3400",1,"negativeadspledgeutm",20
"3401",1,"termefe",7
"3402",1,"scientists",10
"3403",1,"paign",5
"3404",1,"sigelman",8
"3405",1,"rovner",6
"3406",4,"campaigns",9
"3407",2,"metaanalytic",12
"3408",1,"reassessment",12
"3409",1,"”modest",7
"3410",1,"dency",5
"3411",1,"undermine",9
"3412",1,"target”",7
"3413",1,"negativity",10
"3414",1,"poll",4
"3415",1,"adults",6
"3416",1,"discouraging",12
"3417",1,"improve",7
"3418",3,"oneshot",7
"3419",2,"bold",4
"3420",2,"run”",4
"3421",3,"repeated",8
"3422",6,"spne",4
"3423",2,"grim",4
"3424",2,"trigger",7
"3425",3,"discount",8
"3426",1,"amine",5
"3427",1,"reasonable",10
"3428",1,"stop",4
"3429",1,"richard",7
"3430",1,"politics",8
"3431",1,"pdfssemanticscholarorgdbeecbafdfdapdf",37
"3432",1,"klein",5
"3433",1,"elyssa",6
"3434",2,"aarp",4
"3435",1,"opinion",7
"3436",1,"paigns",6
"3437",1,"suggested",9
"3438",1,"reforms",7
"3439",1,"wwwaarporgpoliticssocietygovernmentelectionsinfocampaignelectionreform",70
"3440",1,"bulletinhtml",12
"3441",1,"struggle",8
"3442",3,"french",6
"3443",7,"revolution",10
"3444",1,"unjust",6
"3445",7,"king",4
"3446",4,"louis",5
"3447",3,"taxes",5
"3448",2,"levied",6
"3449",14,"estate",6
"3450",1,"elite",5
"3451",2,"clergy",6
"3452",1,"pressures",9
"3453",1,"estates",7
"3454",1,"exempt",6
"3455",1,"allowed",7
"3456",1,"landowners",10
"3457",1,"tithes",6
"3458",1,"”rent”",6
"3459",1,"land",4
"3460",1,"httpsenwikipediaorgwikicauses",29
"3461",1,"equitable",9
"3462",1,"revolted",8
"3463",6,"monarchy",8
"3464",2,"fight",5
"3465",2,"surrender",9
"3466",1,"exhibits",8
"3467",2,"revolt",6
"3468",1,"absorbing",9
"3469",3,"----<U+2192>",5
"3470",1,"designate",9
"3471",2,"lpsf",4
"3472",6,"bellman",7
"3473",6,"maxv",4
"3474",2,"lpfs",4
"3475",2,"hpfs",4
"3476",2,"hpsf",4
"3477",1,"revolting",9
"3478",1,"impatient",9
"3479",1,"pressuring",10
